qid,docno
23,049545a2-2593-49aa-be2f-40d43c66c94e
23,1d696e1b-7fc8-468f-9bf8-a9c8bd4d2199
23,3250b5bd-1c49-4bf8-a698-8a408bde2bb7
23,4659dfb5-64ba-41c7-b85b-8667ac7ec0bb
23,6bf9e0c6-665f-44eb-addf-e3fd41af6f46
23,74facff4-61e6-4c26-8501-8b483e3752f6
23,ab9cf022-2c67-4a92-94e2-8dd4f09abc81
23,acd28854-c7c2-4aa3-aef8-232e6e3acafd
23,bad332fe-48f0-4b4b-aa2c-2b4a190e6bda
23,c3f7a4d7-4191-4851-9c2c-3338e8c1d0a4
23,d07c6d59-1673-46e3-a858-aaeeb3ad3e2f
23,f54bb830-aeff-42c3-9e06-a76c4aeb5560
23,fb2250a1-e27b-4023-9c14-b9abb46c4e43
5,0607a756-c9c4-454b-8709-732ff49cd7de
5,06cef809-b768-43a4-8e84-16110a8f68c4
5,07e56f58-7c10-49c8-ad31-5c5af77fbb48
5,0d11ebec-cc9f-416a-aa08-1f5553460bc6
5,0dd39fba-7676-40c2-8623-9961e9f2e02e
5,0f0b8265-02b5-4aa8-8efd-3b455bcd08a8
5,0f4415bf-0fef-495a-82fc-fc8f620708e0
5,1188dfac-5105-4e39-8534-abb370a61279
5,13566f3a-d7b6-4877-9aeb-074261ab3d43
5,15fbf9a8-6e8c-4492-960e-cc5b4ece1a2a
5,1713c6de-8aea-4ef9-afe7-de7d529bad0f
5,1b59014a-8cb4-4823-84c4-1eb85368ab51
5,1bc3430d-dc07-472e-a19a-74ea13301b5e
5,278a786c-5a7e-4a86-8b2e-b9bf1ce33c33
5,29a9716c-7ce6-4084-a289-e013bac263c6
5,2d378918-23b2-4e17-884b-c85f8fc28c91
5,2f09d29f-3908-48b4-9056-7a2e63b3c135
5,324c503d-430e-40c4-b3b4-23d0dcf27fdd
5,348dee61-ec61-4bfc-b79d-0ccf1b1933f0
5,3576d0f8-2e11-4d03-b65e-292feb309dc9
5,364e3006-ab62-4234-902e-2c0615c9ddd2
5,3745c0aa-6432-4d6b-8fbd-2f02fad347d0
5,3ecd8ad9-fd6c-4ed1-96ac-a4bd022616d0
5,4e9e6d4c-9095-4c6a-a8f9-122e7550a7f9
5,50fb9b16-2eb5-49c0-a729-58b38ca4ef3f
5,516bff2c-1d01-4b1c-8de0-48d10ceff0a1
5,562ef6fe-db39-4efc-9f94-15d942a0d28d
5,69f38daa-b6c6-44bc-abcd-17304b18950a
5,6d06300e-035a-49de-ae79-65ddbb0571a6
5,6e17e446-4c01-4040-b8f6-5aef58431839
5,73b2780b-82b6-413a-a7de-3d8d73645d75
5,7bd38f1a-f9f1-49f7-831a-49ed7a65f47e
5,7e6243d9-d64e-4428-b919-ba98369d59cf
5,7fe0785a-d444-4546-8c2f-b51048f78967
5,85ff89ef-3c0e-4b5c-b548-0b9d7d61915a
5,8879b6b5-4d39-4eba-81a9-aa4adda3e982
5,8885f1af-79d4-4de7-8bbd-78e8b2e5fa52
5,88a9290a-4e7f-456e-bc65-36bd7af1d787
5,891826b5-78bf-4fb9-9bdf-c19868086a6b
5,8a220be1-f949-496b-98a1-b3fa03fee69d
5,8e2db10a-b622-4b37-b9dc-d1047f030f6d
5,90e2aa7b-4e47-4e93-846f-7226ebe5325d
5,96970925-d73f-4935-9ee4-154532d924a4
5,969eae17-aa17-451e-bca6-5a7b420c454a
5,97679826-be20-4417-a35f-1eafcd38a5d6
5,97ebe27a-4559-41e0-999a-904fe049ded5
5,9883179d-d425-458a-8c38-cd144301837b
5,994b23ca-a2bc-4f8e-9d5f-e832c7cf8271
5,a106928a-9521-4065-ac03-8bfea108b5e3
5,a27d7731-f211-43f7-bc2e-0f0b909a748f
5,a591c52c-8e38-4b8a-a496-24f838aa0a54
5,a6f80a2a-88f9-41dc-b7c0-7fa87a2346d4
5,b406bea4-551c-4c0d-891b-703c468aeb2b
5,b53f4994-2b38-41c1-bcbb-87c80d43430e
5,b5bbe9f1-a849-434e-b569-98f9f0f8f7e5
5,bed67003-93ad-445a-ba87-f0254eb69748
5,bf4d02dd-686e-4632-8f56-5a3060d9929d
5,c0d07d9d-b265-46e7-907c-9b7cc321a40f
5,c46b50bd-420f-4927-aabc-85b0e60aae2d
5,cbb2fa4b-b4f0-4d11-b541-96e34639ba37
5,cc551f8b-f72e-4a8c-98c9-945970dbe6fd
5,cf0db588-a76e-487c-b5cb-2836311164b3
5,d15034e8-a77d-4e16-a4de-83472cf19958
5,d3285941-5375-4359-8aa8-90e843aae485
5,d8c9c335-f81e-4813-aa06-7a7ce2352e51
5,e189f878-a814-4e36-8b87-786ad1161eb6
5,e29daae1-75ae-4940-8952-d6e26256b2df
5,e49ae7d1-316c-4f8f-90c4-00c061a20bb8
5,ea5e9606-e62f-4921-a474-883fba468447
5,eaa587e3-15a2-4aae-85db-9b6ae6ed7c47
5,ec9f677d-fc4f-4014-bc1d-375da3647205
5,ecb0bf85-bbfe-4a29-8c3e-6d525be4a5be
5,ed8e4e37-749d-4e05-bb27-62e8d4c74d39
5,f0705217-876c-4ff3-ae83-e87e789299c1
5,f29de1f6-bf31-4c86-a1f9-1ae92038af4e
5,f4cf5289-c391-4407-8e8d-5829c20934f1
5,f6064a67-c3ec-444f-b8d1-32a15a2ec412
5,fdb8ba10-c480-4864-9b53-6f30cde8ed51
5,fe557cb2-e2b0-4c2f-bdfd-bdacd64333e4
29,0ac01e2b-bd38-4fe0-a626-40a46f11715d
29,0edcdd73-afe0-4e22-bb2a-8a83de7115a5
29,10f021a0-c5dd-4a2f-8de8-93552617c311
29,148cde6d-56a0-41a4-a90c-6a659f9c1052
29,171f3226-6c79-42c3-b246-5c3fbe676e38
29,2148323f-510e-41e8-8130-48c1d7f2eb51
29,21b6e4e7-a246-4c00-894f-af1afe92cd17
29,24f58060-eac6-4185-8900-33ae9c04aa43
29,252b98a5-088e-413c-b3bb-1b7f16e205fd
29,281203b3-c00b-4954-a23c-3ce61e6e4198
29,29d1c30f-9765-46b1-a9e6-bf5b37dcc39c
29,2c2df021-dd88-4b82-b6c7-a70eae4fab26
29,2cd7cd3e-7f6e-44c3-8814-5532334404b8
29,2eab6037-c796-4107-b34f-17e90c926c19
29,2f139585-5016-46b6-8fc7-7ad62831a666
29,2fdb6ea0-93e7-4dad-8b94-91a500d213be
29,3c9c429c-f617-41c8-83f7-ab36c54880ec
29,403c0c22-ceea-4f73-8c1e-01f6a5b2c0ef
29,43ee724c-75f6-4f9b-976d-536645a550a0
29,4689fa40-a858-407b-8f65-9daacb9f90f5
29,46978880-4ce7-4a69-ac24-d14ed96be039
29,46f58590-cdd2-45bf-820b-ffb9836824f2
29,4b5df4d6-c922-4d5a-8c1a-b8c081dc5a8d
29,50b30741-f4af-44e0-8c57-3024ce3b3942
29,5728e8dc-ce92-42e9-a9ea-fd4180d29e80
29,577111c0-5a29-4374-9893-28e3330897ac
29,57d7cdea-bfe4-4989-9045-e1b305c1280a
29,60628df6-bf2c-40e0-b13b-7d7cbb3b41f8
29,62ad28e3-2fc9-4768-bc4d-4c5c7ba191b8
29,62f704a8-6372-4137-ac2e-e6541e9f3569
29,6403f06c-bd34-4ae6-8503-915182c7f5c1
29,6bf29279-583a-4435-897d-cb956e377dee
29,6ccc267a-a141-4080-a089-92ca368a08db
29,74facff4-61e6-4c26-8501-8b483e3752f6
29,79f476ea-7b86-43f2-94c9-d7ef7b14150d
29,7ce51973-db97-4080-a2f1-0b596f91a28b
29,803c76f9-873d-44b3-95eb-edc41ede2eb2
29,84e72e98-da9b-42ac-a904-3eee22ae5583
29,86233a93-0e96-4760-be58-390352601265
29,866c3d2a-d2f0-41df-9ba3-bde72dae050f
29,89b04f9e-0e96-428a-83a0-428ceaa36e3a
29,8ba74575-7fd7-429b-a1d4-a6591478c8d4
29,902cf0ae-b9b3-4a5b-bb2d-c4e1a3662364
29,91e10ca4-db61-491f-a60a-534c01775a9a
29,91f2b12a-c2f6-4f70-8b52-f0bf5ed32d74
29,93529a1d-8ef2-4f07-a02d-ca0498552da1
29,94a7035f-8787-4683-b9fc-ee5f95fb16ee
29,95f1c533-d10f-468e-b318-2d4cbdf06725
29,9a8e48cd-72bf-4c4c-bbb3-1c47999187d3
29,9c32468d-8375-4b94-8ec8-e57463b3edb3
29,9c97c736-a917-4927-b89f-a560743334ed
29,9ca7d395-4724-409c-bd53-e6349e759ef5
29,a4fa91e4-816f-4e56-99de-78179728ceb2
29,a9b53199-42d0-4302-8da3-8789f18186dd
29,afcd5c7c-dd75-4574-84d0-c054270213ff
29,b44d65d4-5313-4f72-b175-f451da87e60d
29,b8a1524d-d24a-46fa-a3e4-b6d01d714f67
29,ba23358e-ed8c-4c78-beed-849fa22b1132
29,bad70804-f5d6-4ec1-8b67-d19ae7107791
29,bb851636-e3cd-467b-a473-8d269b21597c
29,bc7c81e8-79c6-4125-9a0e-f09be2eb4fa3
29,be8bd637-57d0-4021-a0df-f3dc221f3e4d
29,c067e66a-636c-4330-891a-9d2dacd474b7
29,c4721c7d-7029-4913-bc83-254a54420456
29,c96987a3-350c-4fdc-8341-d7e6c2bf5fdf
29,caa15041-f644-47ed-8b73-2776e6381992
29,cdcd2dff-4239-41dd-a9c8-71be6427450b
29,cdcf7b8a-846d-4384-a547-7616b511993f
29,cf800e09-b623-4550-a085-6b0f0ade7f41
29,d180a4f0-13cc-4551-aed6-448f9cc04507
29,d3982193-ec84-47f3-95f7-9154991fa12d
29,d3f537b7-c848-4638-ad1a-0948ffe2b177
29,d5b44e62-e2bf-4af7-86f7-f68ec64eb21e
29,d6b1bb0d-9c49-42ef-bbf5-94caa0e19959
29,dddf7ef1-d48d-4ee4-8513-03a12ecb53ee
29,df17ff76-b25f-4fa5-9414-6426fa29f21a
29,e19f4e70-4558-4e6c-a165-8518e5e0d467
29,e8f2c75f-c15c-406d-8be9-7319b606bf3f
29,f14fe1a9-059a-488f-9c82-7f58160df0af
29,f54bb830-aeff-42c3-9e06-a76c4aeb5560
29,f8f944f2-30da-4597-b9cc-98373ead14a8
29,fd4d0558-b6f9-48ee-8799-8592b61f4a4f
39,03019e75-41c7-40be-9131-7d2bc92ce8c9
39,05c8c07b-3982-4a75-a925-61ea881651a8
39,0838d01d-5b2c-4b8b-88b1-dd5cce7bb46f
39,0b849797-9b91-4e98-a6e0-8b07e7595dd7
39,104daf16-98d3-44c5-94a9-3e10e95b565f
39,12413aa2-6c01-44ec-b650-152cfd0b4b47
39,138fbc9a-aebc-4abb-b561-0eff5d7197d2
39,151332d6-7d2d-4252-ab98-0795ca6ca262
39,1a940f66-6b2e-4c50-9991-72194e501332
39,1a9895bf-d0dd-42ab-a106-4714c61ea0a1
39,233f498a-1197-48e0-93f8-bc9739be868a
39,24d492be-be26-4444-80b5-83e690e702a0
39,2a040f87-af9c-44e2-b112-391e75d13a28
39,2c83fa14-47ae-48d1-9653-1873da6ad3dd
39,2dd3c1fa-b330-4df3-ac3e-be4e25b30bcd
39,3124cb41-6926-4f0d-88a2-69d97faa0bfd
39,31d9144d-89d3-488a-acae-b6465a2691fd
39,32d8751b-bcad-4671-84bc-8b5972ebdb8c
39,34e77d6a-bfc3-4eb3-9db0-7899c14c203e
39,36d759f6-6cff-4058-a211-c6cd6a15082c
39,38b63925-2708-4f3c-87fa-998456e4aa13
39,3b3a73c0-e317-4be1-85da-b03255be96b2
39,3f74a090-4bf3-4b08-a981-55cddbea6945
39,41cffe78-5259-45e3-9ab3-93462b479f3c
39,42c04868-04d6-474e-b826-79775b25d567
39,44f0f70d-c22b-4292-a337-1f815eeb15e4
39,47ce359a-7cb7-466d-bf90-e6cd0601c691
39,4b5f7c46-8e02-4e82-a2a2-770fcb651594
39,4d5919ee-0cd8-412b-b195-b067ce35e415
39,54a1b969-8c5d-46c5-827b-aeae55edd5e3
39,57f11fc8-4e12-4232-9888-d27e60abdd49
39,5a8279f6-1ef4-42fe-97b7-c8740ff2a278
39,60484fd9-9ec0-4b53-9b2e-a58bb0f9868b
39,60f68cb5-7fa1-4c07-a1fd-5607108a298a
39,6631e6b8-b0f5-4be6-b63a-fa3587024972
39,69bf5e92-61e0-4f30-856d-3b395a4b7395
39,6a36720c-4c58-4ef8-b100-6c785e0a876f
39,6b52995a-ed5b-4466-aadd-df572b9d87df
39,71f0c782-cb9c-4aad-a2de-eb8685996354
39,72e2653e-6e10-437c-9e20-ab977e9bb043
39,742625a4-c89d-44b4-9b48-c57d1e1ebcc7
39,7786b4af-cc27-4220-8c57-a05639365ca6
39,78af2342-7e16-4232-8724-8a5f5d9d7e0b
39,837d1d4d-ea34-40d3-beec-5f9f6cdac551
39,838687b1-63fd-43a7-9ec1-3614e00d5754
39,89c69b1f-cf34-462e-a05f-ddce3aa04145
39,89e801e9-b8dd-42bd-a4fe-4b37590ab5f9
39,8bca9db4-90da-4b42-bb6f-24c15b2bcb9c
39,8c23b2f1-d2cf-4324-bd74-5db931f82f01
39,8d5b6415-4925-469c-b4c8-4d511e650cd5
39,9f14a3e3-01ef-4eb4-aa5f-80b834de7a45
39,a49ed3ef-65df-4bec-963e-846dd16a51e7
39,a52a0f50-7ee8-4cd1-b436-3993e8a411f7
39,a7e795e2-de93-4ab0-a11d-2cec235ffed9
39,ad05a30e-896f-4068-bf9c-881bb5100afb
39,af91bdf0-7655-4a57-b49e-9cd0123f7223
39,af9c822e-3cd6-4848-a377-8ccae8d6e7fe
39,afd8cdb2-7e0e-424b-9444-bdeabf02ed92
39,b7d2791a-5b6e-4574-826e-6e00ab538540
39,ba61a732-03f6-4293-b82b-b00ab116f02d
39,bb70fcf2-7cdf-499d-85cf-db3f02c702ac
39,bd56d535-55aa-4685-9f53-ad1dd4b0f3b5
39,c0f12e3a-035e-4ed6-b063-15d7f480cf28
39,c301a159-3be8-4f08-8336-ac4caa75919d
39,c3a13316-bbad-419d-809a-091a7cc0b7b0
39,c5420f8f-c24a-47ae-b01a-2a2433e35759
39,c5965cb3-66b1-4ef2-afe3-b5d8daf71bfd
39,cc0f1640-4523-435a-a069-63364319975f
39,ceb0d474-a7eb-449a-9cb0-a2d7f47f9694
39,cf75d3bf-8697-43d5-bcba-dbfc9af216f1
39,d11d2972-8596-43b6-986b-27499c4b2b99
39,d275c43d-0eca-400f-bc54-3a6a90185288
39,d5524923-0cc6-4f80-bc43-8cd0a88863e7
39,d61433cd-ff14-4bf4-a60f-b34dd43b2d8f
39,d81acb3e-10f1-44d1-b954-14c3a8d037eb
39,d8bf5912-e84b-49a2-bd8c-828dc0e2bf45
39,db74e12e-f988-438e-b77f-0dbd3642fd3a
39,dd4ba20d-e8c2-4768-bd21-6ef4f74af8c1
39,e19d58cf-dc46-461d-87a9-5576847957cc
39,e41b5cbc-d1e0-41ec-978f-e0f19e84d522
39,e7d0f514-914b-4261-9f8b-57a0c3729175
39,e8531761-b6e4-49ef-9a99-338cb4cc4d8b
39,e892b7a0-a007-438b-85a4-d7a7c690fa41
39,eb73923b-702d-483f-863c-61920d0a5cd3
39,eccb3956-810f-470e-9a9a-b6b8ef8bc665
39,ef9c43eb-315e-46d1-aae1-2cbdd4149a14
39,f0b2c6ea-f90e-4575-8818-be426c2b3013
39,f149a0eb-40de-4b57-9780-17a22c81af57
39,f3444aa6-1252-4117-beb3-d4aa3de5425b
39,f51d03bd-80bb-4d54-92ad-042c884f553e
39,f5cbf9c3-b58e-48cf-99c5-fd9105efd313
39,f6840161-a8a6-40e8-abf8-28f29c88bdd2
39,f820491f-387b-454d-9f25-e68352d99550
39,f9507115-789f-401a-a766-892a7c734be9
39,fa83e133-936c-4867-9084-0f3f2f8255b2
39,fecda380-cb67-43aa-adf6-5c716578a586
31,020d152e-3b1a-42d6-960f-31d40ee42ac8
31,02973796-fa75-4a01-8514-c1e5d46770aa
31,06027fd4-9287-4e3f-9226-bd6abbf46e0b
31,0c6f9ec9-4527-4b99-b6d6-6b27010ae89f
31,0cd59ebd-5f4b-4920-b665-c794ee7d0da5
31,0e8e97fc-4bdc-4458-9f3f-6c66ed16796b
31,1584625d-a004-4a39-8b6c-f87c0453a4f0
31,1bc80104-ee96-4706-8c50-487a04d15e84
31,1d74b17a-b186-46cb-9966-6aaf63125c4c
31,20636945-3d4b-4b01-aa4b-661fee3806fd
31,227d6c4f-3cea-4c79-bde4-9beeb50b0218
31,25ebccb8-bb7e-48f1-8be1-564d42279147
31,27b9e1ee-31ad-4caf-95b2-7acd469762de
31,2fdab6cb-bf51-43ac-9982-c360ee24292f
31,30313487-9e7b-4831-a09d-a77f7e64a05b
31,3149ac1a-9b43-4441-bd6d-f1d23927827b
31,3416e0f8-2bb6-4af1-a999-41eca215a1c9
31,37fa908d-2ef4-49d1-9d41-9dbdf3e891e7
31,39c33f3e-fc80-4cd5-9da4-88f369c2272b
31,3a481e3a-1801-4408-a93f-2b9307780bab
31,3c467478-817c-4c63-a482-72c1b1875cf1
31,3f63dd17-5b01-4386-90e9-4e57f61b5846
31,4038b253-f256-4cf2-bfeb-ba554fc439a6
31,426326d4-7783-44b7-b74a-9e3a81a7e035
31,43335319-8b6a-4405-ab02-1c6326b9a538
31,43823ac6-7e12-4108-b40c-c3a43ce727f0
31,4598be8f-2ec8-4a73-b39f-51b7d8888b2e
31,46018604-32af-41e1-918f-ef5238b364c3
31,525f2da4-9579-4764-8aa5-798f55a700ff
31,55a2503c-c21a-420e-8219-a5c67dc6aa3b
31,580ac192-7428-454d-8cbc-ff362a3d58e5
31,58b3327e-a7ef-4d63-9498-f6b94828be46
31,5a571461-b940-4ed4-b343-a48631eaf754
31,5b052ee1-a4ef-4f36-9ee3-d04618e40ca9
31,5bef2f09-4716-469c-a783-5e0e81d88661
31,6054eea1-10da-4c49-bbed-9939a47e2faa
31,6316a874-5a8f-4ebe-adb0-8b252469ec13
31,66c0d71a-58ed-492b-abb1-a77bbfa03ca9
31,69794790-e4e5-4365-85d8-43c070a753ee
31,6b631f2e-7895-4de5-a4bf-9fb2c68e2d82
31,6c58cb6b-522a-40a0-a43e-898d1fa8a3ea
31,70e46e44-2bbe-4131-80d9-d796d01514c8
31,70ee6672-37e5-4aee-98fe-47bfd73b72b1
31,8280c8e1-bdde-4255-944e-6bfccea4a6d1
31,879a55a3-cabd-4b72-b229-a32f624ce02f
31,8c321955-bbcf-4db9-aa25-8a5ffb1018df
31,8e5e8ebc-57b4-40f1-8dbc-03debd9dbd54
31,90b270af-8f2d-406f-9830-29be0b8d7952
31,9967e075-7cf0-46ae-b456-0115680a3357
31,9ad3a055-2431-48f0-860d-620de26a143e
31,a56ddefa-5b1a-4a5a-9886-33ec3b6a7893
31,a91e15a6-39e5-4ccd-a2d6-e1aa76e7fd74
31,aaa0bce4-e5d2-4b51-b292-9fea06471614
31,ac9bb69c-5554-429b-be1e-c50dce4b149a
31,b07a84ac-2c97-48f9-9020-2530dd83c786
31,b170ee00-e8eb-4075-9847-9bafdf46e597
31,b2dd4f93-c9bc-4fcf-bd9a-a2a5cc208e1a
31,b2fc0bf2-1a55-4a56-bade-7916f684fbef
31,b43bf26d-ea88-41ea-bd6d-2487d18b7d3a
31,b9687ec0-376b-4381-84c2-9508722437a3
31,c05be92c-e27f-4b67-b7d8-6a3115474102
31,c3389a30-a78e-4bf4-a70a-623c22e10b18
31,c9351bc7-07b3-47af-bf75-b8fdb9de234b
31,c9e654e5-52ef-405e-a628-b03ad8c75813
31,c9fc91c0-606b-4571-a393-57d1b5834c41
31,cbed2abf-cbfe-4588-8c4a-3066720546bf
31,dd26b083-c594-4215-b2b1-d11668bc88de
31,e1957037-fc24-4daa-b2fb-ed49e2ea962b
31,e21cb235-a293-43c5-b213-97e02330a36c
31,f12069a1-b604-4a02-9260-6311b5266d9b
31,f737869c-9b90-4235-b06f-9a2ac81748e4
31,fa3cdd01-9d98-4de0-bd3e-732ade72ec25
31,fb4b6458-5086-40f3-9ec4-55283cb1ba9c
31,fc96e4c9-6134-4584-9e32-4909f47b2bcc
40,0280742c-8c2f-4478-a416-7557636f7d5d
40,09807ff9-d1e8-4454-9b85-587c9c74d4c4
40,270ce7d0-4399-42cf-82a9-fb175923f7b3
40,31228d85-3705-4dbe-a7b5-03f97d56c8f2
40,35900ba8-45cc-454a-a9f8-1bdc06a221d3
40,366e3097-442d-49cc-9add-da0edbd946ed
40,3692bcfb-a667-4806-9083-a788f911788a
40,3840d2b2-2638-4b07-bea4-9feec2d268ab
40,3a81e9e3-9e5a-4a0d-b926-322668f8c11b
40,437eddd5-70dd-4f78-a7bd-4893b74f544c
40,48b1ba11-c092-44ef-8fc3-719404b78954
40,4dc198a4-bec9-4116-b17f-7e1940fc9e96
40,525e9f29-d145-4ecc-a6d3-a728143d1ccc
40,52a5f3ef-a066-48c4-9e7e-fd2f27c57cf5
40,54032b85-09c6-4064-afb7-7b4e4e846615
40,57836f50-717b-41b4-b2d3-70d90a72a228
40,5c3157fa-98db-4abe-9abd-03a808fae6c2
40,5d77fa1d-6e30-4a56-8c14-29b4dfb05ec8
40,67951885-2da0-4e87-8935-1bf3189853b0
40,67e457a8-98db-4f8a-aa33-0215efbd062b
40,6bc4a5e8-bc75-493c-8b3d-9fe2c3facaf9
40,759a5e90-72c9-4b53-9ddc-ae7e35bb76b9
40,7a01b75e-550a-4357-98d8-c3d37a088978
40,83a1367c-cc5d-4399-9d4b-7000da8b44bb
40,84d81611-d305-4542-a7a3-0ca81622dea0
40,8b234230-6646-45f9-8557-5fcf3a57a41b
40,9239ff9e-c3cd-4a61-b7c7-bff6287154e7
40,a4b8de09-e60f-41d1-b05d-3d9c8d7eff68
40,ab255932-672b-40ec-a70b-a72ca848af5e
40,b67c2c23-258e-4e22-a23c-d5001b219d5f
40,c64dd397-dadf-4b5f-b2ea-3043dcb0b784
40,ce587108-052f-4c54-ab0a-d0f4846ab152
40,d9f2c906-ac35-41c5-91b9-4b96cf5916ad
40,e572d8d0-591b-493f-bc6f-c6613c98cc11
40,edbb1473-6a40-49a8-95d0-1353f80a3b18
40,fd38e89b-f9bb-43f0-8a8f-3a1f47d34a63
22,09c05a72-65aa-4d98-9175-c05f2f0d08f9
22,0a7be8f0-0b47-44b3-807d-6756439cb6f9
22,0cc6df1f-5eb2-4a74-ae78-7ff5c5d50e06
22,0da99b61-2dd2-4639-b64f-160ab93fd8dc
22,11f10c52-5e7f-41f6-bcec-0b842f96e655
22,1bb35391-c1dc-45a5-93d3-e271010480c5
22,25a037cf-f40c-410b-a13c-77b5ab99d348
22,28ae3a46-6e0c-4910-9310-c6194ff12399
22,2b162e87-1403-4e9e-a762-9e5ccbf05677
22,37b3d960-8a3e-4a53-8fae-7c915f345aae
22,39840a25-447a-42e5-a247-e8582384ca48
22,3bf059ad-b7fb-4490-a725-7cc28edac559
22,407586e6-b305-4479-b762-628452e10e13
22,5a8b2567-6358-45c9-aa02-a689af9ca142
22,5b32ca35-2c2d-4302-b6a6-cb0e081bbecc
22,60b9b70a-58ff-409e-bd6d-31e389e014ad
22,67c1cee5-2433-49a3-9c56-1a7678ad091f
22,6d84d4f9-e382-428a-9eaf-aea1da216950
22,6e9152ec-71ca-4241-bb66-2a98583f5d11
22,74d07067-891f-48c0-b2ec-19ab48d20386
22,7743741f-4c27-4a8f-be19-9db66ca0d4fe
22,8879de6b-deab-419c-968d-7d1b37c012bc
22,88b82ad0-e8c9-43a0-bb6a-f78218a28cd8
22,88dfff13-e913-405e-8f1e-e0d93b36f869
22,8e177e30-fa18-4920-bb7b-9fadfa1bae12
22,9079673e-9043-4c0b-90c3-ba4ac1051847
22,9dcac56e-9dd2-4dc8-856f-980e9426a99c
22,a66c72bd-fa73-4f96-9ede-c62fb2872c79
22,a69f8b28-0a74-46a5-8d3d-211f44d7f970
22,ac0b1830-02ff-435f-8325-381453abd282
22,b674cb56-76f9-4eb9-a7b7-16cd508e5819
22,bdd15e77-005b-47da-975d-f0bfeadd7428
22,bebea37b-36e0-48ec-9081-d97474a4ae48
22,c60427ed-7219-4da0-ba91-bb9028c0906d
22,cb07e302-79c8-4b83-8c4c-8058b4dcd72d
22,e5f1542a-ac44-4ba3-a647-967b12c200cf
22,fab312f3-ec7d-4b6a-9cbb-7e286ab7b9b8
17,058e62cd-0a39-4c61-9626-d00d31e4a647
17,067facd4-28a1-4d87-9400-fa290bfd11c8
17,096285c2-4e7c-46bd-8942-8382321b2144
17,0a6b5bca-b37f-4238-a86a-15b54da72848
17,0c4c98cb-b6c3-4344-a027-c77b8140d764
17,0fb9d540-6e0c-450e-bdd2-b51ae0b546d8
17,1bd5d84c-fc8a-4c0b-9be6-87ea6f0927bd
17,2176665b-2277-4ef4-a64d-9bc93fc0be0e
17,2294378d-cb35-4021-b04d-c8e7e7bd02c9
17,248e478b-6364-41a4-aeb3-53b582a4ec27
17,2883fbeb-a71e-4198-b4ce-3abad7ecf481
17,2a329980-3075-4fb6-b72a-8562916c111c
17,2eb9de7d-d1c5-47c3-9c18-aad86d3f4650
17,4004b797-ae3b-4562-b101-5ba1835ad6f5
17,4663ddb9-4abd-4886-aeed-e7e04e33ef1e
17,469c77e0-7732-4db4-b6f2-32f32e39f8c5
17,4712a623-6e8e-496c-ad84-999a8f3f3bfa
17,49d0f920-1513-42ea-8f2f-cc87698094e1
17,4df42915-e1a2-41a8-ba99-ef72615deaff
17,518bb560-224b-4b8c-985d-38423e50b414
17,53a48a95-b700-4e3e-9760-4263bf3c679c
17,56786b9f-1c86-48a5-a4ad-3ca9390b7bb0
17,588c2271-86a7-4ed1-ab1f-286373b55de5
17,5a426eb9-896e-45f0-ae56-2d9b50f3c268
17,627c3b29-71d5-4ff3-bcf4-7f456294025b
17,717bf216-4781-4452-86b9-7950c5a5d637
17,7214318d-2b25-4d6b-9624-ecf0804c8001
17,771c5131-a063-4387-a588-95aead052997
17,78d37de7-7a92-4988-8747-82962a2957f8
17,79023008-cb0b-47a2-9b22-2b5e52a0d77f
17,7b4353da-fd95-481e-ba70-0219dbcedb15
17,7e554aba-9ba8-4330-b2a3-01add7090558
17,859b9617-2c2a-439b-97e5-f04eaf52435d
17,85d59a07-7cf4-4cf9-80e4-ca29798dbb97
17,86c76060-bd15-4c70-bcb1-dd7e2ebc0050
17,88777e24-751e-4383-8d0b-4d79fb9c79f5
17,8e1748fe-eeae-48ce-baf7-9208fa1984a4
17,8e30d245-0b8a-4e45-83fa-14000ab13e36
17,8e604002-df1c-4c2c-b55f-cb7515f514d9
17,91dd3d08-86fb-4d4d-af52-8208d2c80719
17,920b77a6-fe90-49ef-9e0f-ac3d76a2260c
17,93182343-121e-4606-ab51-3d6bd354dc3a
17,95a04508-ac79-4b56-9f1b-709440bfee20
17,95c0acd6-1945-4553-9264-932534a44fc5
17,96d834ea-f528-4b3b-bbd1-6c4dfb7ec868
17,9961af3f-6aa3-41af-b875-0d7b4fc1afcb
17,9d08b4a4-0cb6-4c31-bcb8-7cbec2ecdf7f
17,9e98253d-4db1-4adf-83aa-6a8d39877bbd
17,9ea72229-cfc9-4f66-b5a4-2c99e55f18b0
17,a10989ff-d520-44ff-a944-49ce64480404
17,a3119a6f-3e22-4eb2-b2ca-d52d699d005e
17,a4257ce5-988c-4f80-979c-6a40614c15b0
17,a7f9f24e-5fa7-49dc-a8bb-574a5bce68f2
17,a8eed012-1ad1-4eb0-bf02-1c65a2cd5a72
17,aa054181-76b6-4aaa-812a-51f416291543
17,ad0debc8-bcbe-4b51-9aaf-ed50eef19c13
17,aebe9250-ccb8-49db-9d06-65009ed64114
17,b61e4a72-796e-442e-8757-0d54dd3b284e
17,b84c7abd-9606-44ce-964e-8bd4bf29d4f4
17,b9cbbf6a-43d8-4be3-aa6c-da60d1161ba8
17,ba7304eb-2e95-4e0e-85f7-4a2d80fd51af
17,c14dbfb9-db85-4749-964e-a8e120733a8e
17,c19c89f9-2c25-4330-a634-6a69707b7819
17,c239bf16-1e99-4a3b-8cd0-9e2a6af96f09
17,c31e546f-3ce6-4a04-8d86-fbb31bfbfbb5
17,c45408e2-9f06-4037-b431-5a7de696d541
17,caa17e67-3082-4ebe-91dd-17be1cfa7ed1
17,cb5946b7-39a9-4d03-aa3a-9930a4c3d77e
17,ceb75319-75e3-421c-8d98-27ca48430e97
17,cee6d97c-be3f-4845-9a3d-397a9450a979
17,d2780b71-fb93-48c5-8256-32e202d7ee30
17,d54dcb14-56c1-4c04-a23f-caaab11ef0c7
17,d7389769-dc9c-49e7-bd5c-2fd4a262619a
17,d9d917c2-5938-46af-8c29-1e5dd4149952
17,da78aae3-fbbd-4bf8-85a5-368b1d7eacef
17,ddbc80fd-bac1-456b-afe8-bb4e34c931f0
17,df2ddfe6-3828-4d6f-ba20-569223d53468
17,df8bf79b-f12c-47f7-86ac-7fc6716ef712
17,e03c04d9-63b3-4dae-a06d-92057fb54ff9
17,e1b6b82e-9f12-42e7-a82f-8b7eb2f12002
17,e384c574-1d9b-41f7-8eb9-fed3ff67975a
17,e56ab623-b673-4625-974c-cd378c625924
17,e833204e-de63-45e8-97f0-82f2ac524860
17,e8aa077b-6c40-4109-8fb1-89b66ceca9a6
17,e9ce37c5-dd88-43ec-b439-6bf766899f46
17,ed7a35de-9a94-47eb-b43c-47d742a03386
17,ee4eb707-3da7-425e-aa75-5bd1259c904a
17,f02fc930-b10a-46d1-af24-97e60e1624db
17,f0e36213-8308-45b5-a8f9-9377b28e8987
17,f5b09e3d-db0c-4847-a7ca-93e53b6bdadf
17,f779d7cc-6d73-4fa0-874c-e3724e6b1afe
17,f8e21bfd-bd2d-4870-a882-b1fb2ff45bfc
36,0493f9d5-0578-49ab-8eef-6d2b7866acaa
36,05b23d86-5851-4724-bfba-0e22e06c74e4
36,06cbbaa2-819b-4ec3-8056-8f8c348ac089
36,08ac4271-ca92-4678-8497-a28d7a4a2a15
36,0dacb6b8-4680-4a1c-bed0-b8f4c41ba3b6
36,129948fb-3550-4ffa-9f6f-3b476a5314c6
36,1ed04293-b19b-4405-8c0a-b15bcf9c0809
36,2235cdc8-d513-455b-8eb4-5a61f437939e
36,2b096e56-0e52-4c95-a68e-acd4ce727073
36,2db5c2f5-ba58-40cf-8760-d25706dbbe0c
36,302444d2-9e1c-4233-9534-6743d15ee767
36,32d0060e-f3f7-49b0-a7a0-8999398ca9e7
36,342d5f2c-a06b-4850-a468-e54d5b3980e0
36,38a68392-212f-47d6-8fba-a4c722a17e75
36,3a65a23f-f99d-4a32-aefa-fe6233be633c
36,3d4652ad-beee-4f09-8105-4a4eeb1cac96
36,422a2108-c6a4-4c42-b566-4134a562410c
36,45fb46b2-436d-459f-8ee6-98b7110286cc
36,4b3931c7-3a4b-4e7b-abcc-2a20dc0590b1
36,4f9d11d3-f887-499b-a738-ffa160c7e0f5
36,512e2c12-176f-4e39-a1d3-e79f16942ba6
36,52005cef-88f3-4ed5-8ba8-91ca0b65ab55
36,566cd2eb-ea29-4433-8503-df1d95969b27
36,5ba4e8e8-5c23-48af-9887-a5ad54017aa6
36,5ca7d904-c165-44b7-a38c-5630c628f404
36,61933b22-caf7-4eec-b0eb-7140fddc037e
36,6193dec5-bf87-4e70-ab3b-1339d8ed824b
36,62357356-6298-4015-b683-432cc482b86f
36,63840eeb-30dc-4c3b-baab-7678f58f4500
36,64dfcee8-0c36-4559-9e19-1e43dae4bae0
36,6a54a076-4867-471c-a781-493c1a6a1604
36,704acb5a-6baa-4b39-9ba2-a757a35b4ff7
36,745360a6-74a2-437b-94d0-ab47e434a87d
36,7930fb53-0c0a-4401-82ed-86b4b8aa11fe
36,7e84ff98-dcd3-440d-8881-ab4bbba18c49
36,8a60bd3f-682b-41e4-9d92-1064de24a89d
36,8f89e2a3-aabd-401c-b9da-51d03a2c0e6a
36,97da437a-f15e-47b0-b6b7-96bcff892754
36,9910f6f1-117e-4343-94be-64fa3e350300
36,9de7b9a9-9aa7-4b91-9e2d-e661a9d080ce
36,a0309f86-2142-4873-94e5-b7f2169adfba
36,a213cc3d-ee36-4bac-b20c-d99c73924dcf
36,a78cc0d7-bb49-45c0-8f10-ff05dd5176c3
36,a843375d-643b-4be5-b8ca-3b3060c18a78
36,a9be7065-a6d9-490a-a901-6fbeba85eec2
36,ac70bc04-845c-458b-b719-dcbbcff74194
36,ad8b6537-3374-480e-813b-bd6d742dd3c2
36,adb8e184-1e1e-47c9-822f-65496a78e557
36,ae82d0da-f619-4dd5-bc48-f6aab6dd57d7
36,afe3174d-0696-4e96-968c-e3bdb278dd9e
36,b5232abb-8c01-424d-a9c9-bd12c41edcd1
36,b6feb286-63b6-4050-845d-9a05b46dae04
36,b98b4bc9-e6d5-42ce-8033-c6b8f1c8208d
36,bb9eded6-3f29-436e-b917-ded656769b80
36,bc5343a2-24f4-4127-986d-039ff638faca
36,bce9c0a0-c58b-46ef-937b-28baa8a170c4
36,bd0c9d43-d5bb-4620-a748-a5bf062d220b
36,c025b559-7660-4139-a34c-a46900f8accb
36,c8afca5e-d6dc-4795-aec4-0cd9a02b2aa8
36,cad28496-713b-4ac4-bbe5-25c34f511efb
36,cbf414e3-7bc9-48e2-9621-942a7890847d
36,cf98dc23-628d-4d08-96fc-e3cd499a2934
36,d1ac05a8-3222-4403-bffd-273bb3a3a746
36,d5d3a7e6-080d-4783-9e45-ce8c6e1a180b
36,d919f614-3483-4eb8-8bf7-7396fd2fa335
36,dc77c9f1-4b00-4f10-8a45-04a42f6d5563
36,e2f7ab59-bba3-4e6b-a9e6-42ab9a4f9c88
36,e4d7ab2e-4bd3-412b-aae6-1b658d625072
36,e7edc875-dae1-4ddd-ad47-959a63cfe46e
36,e8db26b1-8672-4887-8dff-8e5b9b281214
36,ea0e6672-d6e1-4759-b7a7-cc91e32d71eb
36,ea12f52e-e97b-4a43-a5ee-642916d62a34
36,ecd58f73-c34f-4eeb-853a-e41b0a82bf83
36,f03cf3bc-1b53-46ab-8a7c-c012be813dc1
36,f14a9e0c-9fbf-4876-a86f-6c399a5dcecf
36,f6e7c060-7509-4cc3-adf3-047b54eefc0d
36,f9605342-f313-4a0b-bd8c-3555efb01778
36,fbdfa05d-fa3b-46c4-9274-499b840d601d
25,002a87b0-babe-425a-96c3-6ed2707130e5
25,017aef20-a955-43fd-8493-e9040a4bf863
25,0801d4f2-41f6-4508-a01c-040b4e31ddf3
25,0ebeb419-21d6-45f5-8709-7141b87cd5a7
25,10e2ab22-38b9-445d-8f45-56165fe807fa
25,123a1a5e-d001-4b84-8361-ad5b15448db3
25,18051b16-8c82-4368-b5b9-7645ae542dc8
25,1fc9a4fc-d113-4093-82bf-77a3be3ffb35
25,26f92135-ee3e-48dd-a6d6-4c9956f781ca
25,283cc8c0-3291-4ec6-9be5-c8e077730b7b
25,3b21ce19-79bc-4d34-acf7-88f624d50f69
25,3ba40004-56ec-439c-8ab5-d1b5fbb66278
25,4543ee1b-6170-4ddf-873f-aa697b490031
25,48a2c2c1-75d6-480f-9023-24fab24bd94d
25,49f93058-f991-4dae-8ba7-231445b85a8f
25,4ab7e312-0d9b-42fa-bd40-2292aaf65cce
25,4cf0fa96-3ef5-490c-93b7-5f2b986834e9
25,5084df52-ff62-475a-bd74-07024c62ba3c
25,528c5cec-b696-4b0a-b27c-f5cc6b21e886
25,592f769f-84bb-4c8c-81e5-ae7ea8df618d
25,5947957f-0295-4f50-9891-b675b7335d9c
25,5a9dbd6f-cb79-4882-b337-edb78c6b16b8
25,5c2b8cf8-2e14-4a46-bbd3-cfb56d41f896
25,6017740c-5398-46af-999d-507e3e2d54b1
25,6080a81c-292f-4c4d-86aa-f6c4858496ec
25,60bd6210-728a-4d08-bd34-fefefe47d365
25,61c2d3d1-a8cc-4f9a-ada4-4f39137dc2cb
25,641c7152-7a22-4021-a271-90fac84cc40b
25,65cd6514-46d3-41cf-88f5-9b07347eca51
25,66a7c2b4-aaae-4c51-91a1-eb310ac90597
25,6a8dcd16-e14a-4f46-a6a2-74d855e84dae
25,6a95fc73-aae0-49c8-a3bf-f0f67df2cbba
25,7086e2b5-61c5-4f4b-9301-caf73767aa8f
25,75c1185b-578d-4e88-9d54-116829b342aa
25,77bd5954-f033-4550-8827-1904a53a622d
25,7b05dd18-d3f6-4cfe-bdca-993b323f1233
25,80196391-3b59-4888-823d-e98063555acd
25,81003f9a-7b66-45e8-8474-b3a23577bee9
25,89aade97-2251-4b8e-9bbc-a990d93065e3
25,8ac1a6d6-02c3-4ba7-afc8-9b43656ab666
25,968fca9c-2ef3-48cc-9cab-63699baa7519
25,975b32e6-a94a-4212-8c7a-ea5fb0dd20b8
25,987737c1-c6b6-4490-bed4-284737e1d536
25,9e1ca097-290b-49b2-a5c0-185471957ab9
25,9e3ace37-0eaa-4434-ab32-e142459b5fe4
25,a13c87ac-494c-47b7-8e03-838a75fb810a
25,a332ee57-cfaf-4cf6-828a-cfb45ef6b379
25,a4fd53f7-6ac9-4b09-8771-bb117ad8f617
25,aca919b9-5ca9-4a60-88ef-cfa8dc4d7f04
25,b18da5e8-ab3e-49eb-a48e-efbb74adcbc5
25,b424731a-eba7-4671-90d7-c784b5a965ad
25,b5f5c5db-2698-4c1a-837c-22c4e33240db
25,b7cc2f24-c574-40d0-b105-f485703df63a
25,b879d9e7-93cb-4018-ae83-ea923baa9062
25,b9bbf574-1f01-42d7-b53a-5d4c7847de76
25,ba4858de-1850-485d-a61e-d91963da258e
25,bb7b212d-6337-4096-8760-73938a4cbd0a
25,bfecd0bc-94e0-4d76-bce1-70f9d90d4e84
25,c0a0c836-9e81-4394-89f6-b155b5c90809
25,ca363618-3786-4ac5-beaf-308f2b98b285
25,cfeeddf3-344a-43f3-9c35-2c66e0fcc0ae
25,d5bfb83e-1994-44d6-8b7b-f228009c55be
25,d79927e3-a709-47d6-a2b9-826d6fe3762d
25,ddd1ca2a-dd10-4d04-83d8-085fa89700aa
25,e0c9b0b4-13a7-49cc-ac0e-35fc96ccb2e6
25,e11034a1-8c7f-4731-ae54-df2382bf9430
25,e280571b-c300-4c54-a378-e521f6e9b311
25,e31bfeb5-768f-417e-b881-4cf6d44c6d03
25,e884fa95-ca68-45a9-8924-cb627c3532cf
25,f1cd4320-5cc3-404c-acd1-e8c87d950ab5
25,fade068e-5598-4a5b-b194-fb90885c84a2
26,080ab76e-2488-4d26-b4c7-4261f5e68e82
26,0f42aabb-28de-4766-8fcf-1230c1a1e097
26,0febad5c-1e1f-4588-a411-1f6fea629ce4
26,14bc2f89-553d-454e-b115-e43827e73a89
26,19614920-bbf1-4322-adc8-c0ca26edfd03
26,197df971-4586-45d8-8203-3e8eec6be1d9
26,1e37560f-0714-4c92-89f0-29e0626bfbb0
26,20959894-df41-44bd-9d31-60b00f0f1031
26,20bea217-69ba-43be-a325-22f69649bc14
26,21019b4d-4908-4f5f-8d60-6b52534192f9
26,24477faa-0fcd-4126-be1d-b4284eb8dbe0
26,2545ea28-1b6e-40b3-a468-9a4bf3416963
26,2768ba80-685d-4a7b-9838-2c3808ae4e6f
26,2adef116-7427-416b-aa4f-5b64a8713692
26,2b5ea5b8-eab2-468a-bd57-3787ee4d3a6f
26,30fc80fa-450e-48c0-9686-9a7ebc312c9b
26,31123e86-c6f5-4d44-a66c-182d1985cddb
26,373e6559-8455-4bdf-8fda-3bbbceeca28b
26,3d9adaab-8fac-46ff-a36b-68448f93167d
26,3edf78bf-4b0b-499d-ad3a-b17766f58672
26,3f332bf8-7831-4466-be8c-a59430c70b6f
26,4216b991-a810-47d0-975a-a9decd2a82b2
26,455f39be-5b46-4a5a-bf18-b7c4d0f6294c
26,45b4702c-29bb-4a5a-a7b6-4c0ff2e2084e
26,479db559-6918-4a27-98a6-e1fef223f475
26,4c93e78d-e08c-49f2-ba8d-986fd210da3e
26,4e42a90d-a371-4a80-aeb2-2013f0e80cf0
26,4eb23b3e-5979-463b-a2b3-c6783e22ffef
26,4ec8898c-4b88-4394-b9b0-bb1d999d39bc
26,555167c7-3ec6-48cc-8638-4ba01d0b82cb
26,55ab0c35-0e33-4f4b-80cd-4201cc458409
26,5b0ff85e-7418-43e3-9490-a264588c4231
26,5f2bc1a2-f601-4fc7-a4ba-ef38ffeee1f6
26,5fbbd420-47e6-456e-b977-77793e964d58
26,66ef1fe8-4b43-41fe-add1-633385614ded
26,6782465c-e494-4b62-b3da-b7508e4d4caa
26,6784392a-b671-4288-995b-744151d6746f
26,681f7206-9fb1-46c7-8fd5-503f9b2f3829
26,68990942-fa8d-45f0-a749-301c93e46e6f
26,6cdb70f3-fca4-420c-ae5d-e4beb531a533
26,7009dae0-e164-4a4c-a6db-9e8bde19f948
26,7d2eb816-1746-456e-99b5-ed3b11534b57
26,8212fa76-9e4e-418b-a393-5768974c7337
26,89a658b2-1fa5-4310-b96a-6370ae3fe1b9
26,8a019f73-35aa-467a-95c0-4b3ebdb2bd2b
26,8a540eb3-795b-4edb-b0ae-8e87d0590776
26,8bea096b-18c0-4ca3-9239-8976d1d0264f
26,8c57603c-1437-4322-904d-de8ad63cfe02
26,926e7943-1355-4ce9-9808-3fdc1c9efd90
26,97d3df6d-0113-433e-bfc9-1a457219853f
26,9d24fb48-1090-424e-abb7-0a671656cefe
26,9d92033d-3cce-4935-a26e-c59502b7f9d1
26,9f6692f5-e7fb-4bf4-bdb7-158dc57d1445
26,9fa36fc5-f9a1-41c4-a2a7-f749e9bbfbf8
26,a3c187ce-3368-4960-9ab1-568d8177fdf8
26,a5a6e085-de28-4e1c-b9d6-92a678e14488
26,a7cb3f67-a4ba-4891-9d10-f6777f725a4d
26,a860ef00-384d-4c00-9691-c7acfc95a685
26,a8aec750-84b6-4051-862e-7f36a4ed7585
26,aa609e98-8f59-4a52-8eb9-1b7c6599d166
26,b30c8ea5-077c-4bfe-b49b-4b652777c69b
26,b4656a41-897b-4ede-9ac8-2c187856bcca
26,b6b40cff-9904-4784-b083-62c044059eda
26,b87046a8-6d6b-42a5-96d3-dd55aa28048b
26,b9ddc828-4f6c-497d-b2c8-d21d36ee4b87
26,becb6e1c-a59a-47a9-bf23-50cc7cbfca1e
26,c1ce41d9-9857-41e6-93cc-01303ac1aabd
26,c61b3397-faed-4ef5-a16d-3206c65c9916
26,c826a292-5b05-47ea-ab11-e858be559104
26,cc8f5d64-6678-4a39-8fef-e4e4c654f6b5
26,cce15bf7-7082-4443-bfbf-58285d43aa7c
26,cd369dc8-dc0a-45ed-9ced-ec7826098c3e
26,cd786388-9fa2-4d19-92f6-231eea947b27
26,ce116c55-ad74-4fc9-8f37-0c8577b0fdf9
26,d2577567-fdcd-4f06-83c7-8c7cdca179cb
26,d676b2df-a6d2-4147-b6c1-d4b4ca73e3b5
26,d761cb5b-dba5-4046-9033-62b4c801448e
26,d8031bfd-af31-420a-baf6-5f00442d528a
26,db827041-dfcb-498e-9234-8c8a36d5c9ef
26,dbbf7f36-3352-43f2-aab9-014660607974
26,e2d9519a-a78a-44a9-b167-a12df7c59316
26,e6422545-8ed2-47db-9723-0efe265f441e
26,e9c3bc33-b9b1-4ff6-9404-19b354130a84
26,ed02b939-d256-4326-833b-d2f28d7c3b50
26,ef880c16-33b0-4d14-872d-d9f154f350e9
26,f589cbea-ea42-4754-9421-6bb3b494759c
3,01b4de26-bcfb-4045-b5da-f0c8d44667f5
3,031021f9-67b5-4b65-8a47-ff81d1b03425
3,031b3636-91b2-4eb1-ad04-7f0a5e70a468
3,082d6860-b976-44b7-a3e5-4386fd779385
3,091f644f-db13-4bc2-ae5c-9168f9e34dc0
3,09a5a165-1f53-43b8-b5ba-589bc906a4be
3,0a015125-b49c-4337-ab3a-39e05d00cc6c
3,0d620de8-330e-4ecf-828b-146a31b299c1
3,0dd34124-e3bc-4ef2-a2a7-7c370e5778d8
3,0e63e8bb-2da1-41d7-bf2e-a7a0cb66164f
3,10edbe60-d709-4511-9826-ce0fce29a1e6
3,125b1fc3-e85e-4449-a5c2-4b1bb271236d
3,151fb983-50f5-40ac-b9f8-55febbbbad91
3,1688f4d7-0edc-4fee-9127-2f1f1908d4e8
3,18cc43bf-6649-46e7-882b-11eda936279e
3,1a89439e-1b24-4f50-940d-7b1a16945cd3
3,1c1af4da-0246-4a9c-af6b-f2ef26573b79
3,1e447e78-2e7e-4d05-9ce0-2f6e031b0000
3,24aacd4d-c38c-4e1e-96b2-3c691ea83559
3,2842abe6-8e4f-4ff8-92d9-864908213b84
3,2899bb8c-983c-4cbf-a47d-a9f3d8811516
3,2b818002-c8b5-4bf7-a5c1-c704ba83aec4
3,2bac5ffa-442b-4e1a-a370-5c3d4ff654e1
3,2cf947a8-90df-4788-b32a-ceb474b22daa
3,2d517cf7-483f-4f63-9061-d2796908f2aa
3,32b4fd21-90ce-4a57-996d-5f5100c44aeb
3,34483cd1-23ee-497c-9326-1565d49e4dac
3,34ad1494-032c-46e4-a5b3-1d06b42e7425
3,3750fba2-8a56-473f-b5dc-1304a52dca19
3,3cbc0a8d-8b73-4461-93c3-f601776e2fb3
3,3fff4c30-f987-4555-901f-c30330a7c7cd
3,42435c2d-af4f-4b4e-b3d9-173b72250e4c
3,43e26829-e1aa-4106-87af-a27340fbd157
3,49273f21-57b5-4668-ad56-e0a4869edd33
3,4a1d1a78-ae5d-45ac-b22d-552362854b8b
3,4be60ba4-74f1-4be8-a04c-d5b99c565601
3,4c4e1d52-8577-4b62-ad01-170780d93bc7
3,4d91d660-292b-4ece-bea9-2f02eb37a90b
3,4dc7adbb-3b3f-4f1a-b64b-1ca9adef8831
3,508e16cb-3232-4c9e-a446-50116b803ea5
3,52bc4c77-64e9-4587-8fe1-c5e67992d2ac
3,53ba3291-398e-4f8e-bb9c-ceedeee592a2
3,5489546f-5e9e-4db4-9267-982c69b3c56c
3,55fc250f-3490-4ae1-afae-42f1ca6add5d
3,5f54e8cb-357a-4c49-8599-1abc1b344519
3,6463cc46-9abe-439d-8666-8550c988feee
3,684f3b89-36b0-4ff1-b71d-2c83b65afb08
3,700daf39-971d-401f-8cf2-f39a9962cafa
3,7a632807-1709-4023-b8ad-fe2bb48523f6
3,7cbf7e2a-c434-4330-9134-24200e842949
3,7ef9fb2a-55c5-4386-8c7e-098ab3d823fd
3,80d060f4-bf2e-4f0f-80ed-bddeb27a5bde
3,8218c4b8-983f-40b3-8d32-7aa1ad438008
3,87eeee3d-db6a-4da0-9da1-62bd946ca56e
3,8d670ba3-3f4b-4b27-9185-f3be613b093d
3,8fff0668-b823-4534-b242-23097b06726d
3,9291d815-0878-4786-b72c-0c4f511846a1
3,9b9ec356-d597-45fa-908b-ddb8cdb23d8a
3,a24f6d01-91b2-485f-b0ef-b4ae4a4e5bf8
3,a5270e05-d297-4632-b619-c1cf94d5efc0
3,a62dd1d9-ab47-4ce7-a788-f78cd6d085a5
3,a8c7f47c-5b9a-498a-a97d-a2cec8d31e5a
3,aa43411a-d8de-4f04-b9fb-f76f7eed13de
3,ad525772-54be-4dbc-9d42-286595fd5f54
3,af76c0e7-d7f9-472e-9525-a7ccc0456f60
3,b08e2570-067e-48ec-b83d-84a91aa7ad29
3,b295e326-254c-4236-b71b-94c35fd49214
3,b35a8e12-b342-47ee-8625-9f11f2657f74
3,b39046f1-b03a-41e4-b51c-459854f9cf15
3,b6b665ca-0a5f-4deb-b878-996b786f02aa
3,bd559d05-7b80-4aa4-b04e-d9999eeb4503
3,c1cb7cd6-a82f-4120-af07-21166d516bb2
3,c3ed0861-eacc-4498-a8ba-9e035c275fe3
3,c4769cb1-4c4c-422d-8d31-86bee8077d22
3,c5e000d6-8774-41d5-adb0-8b76ae798e20
3,c61b58ba-ed21-43e9-bda7-d7621b4cb326
3,ca40be6b-f5d9-4ccc-9634-57e8c96c08af
3,cac12aaf-fb00-4253-b035-a9d64873f627
3,cd16c07c-5ba3-4efd-8cc5-a4dd5e60238b
3,cefe87d4-2a7d-4acf-beb0-d7a4e389def6
3,d112c48d-c0a4-4edb-976a-50f69c9e89f5
3,d1b6f0f6-b48b-4388-835a-8036724559b7
3,d2f5bcb7-26f9-4e93-98a5-90f2028bcd94
3,d58d2316-7e12-4dcc-81ae-2a6187018b80
3,da1e52fd-ed16-4fa1-b08a-2c37ce723a2a
3,dc655970-3299-45a4-acae-c9cf2a1a60b8
3,e0125485-a514-41f3-9d85-6db7d0358698
3,e27e184b-d63e-40a9-8ca1-3fca7e8ec02b
3,e6cfd4eb-1adc-484d-900d-8b92351a0187
3,ea490c0e-c137-43d5-ade9-29441defc456
3,eb22c67f-e1e0-48e7-b7d4-781ba169f2f8
3,eb699a88-cf45-4b3c-9ffa-437bc8feb166
3,ee3e18ab-0396-411e-b068-29ab9ec819e4
3,f019cf9a-8fbb-4eee-99c8-4b1e9071ac92
3,f7d6bef5-9c5b-45be-95bd-29224a3eb44a
3,fb22b390-694a-48e0-b03f-0e4dff1e7640
3,fcd71c25-2430-48cf-8f42-f6d656c65e20
27,13b2be2c-ab67-4de1-a456-a7c57f29911b
27,1f310f69-6e80-4158-94e8-17d5367f92ca
27,2243553b-3ef2-45cc-8003-b4064bf7e013
27,2659f67a-a433-476e-8f85-7bfdab12b4bb
27,2a5616bf-8340-46cb-9509-e96e939815e0
27,3464ce99-1adf-44a7-ba51-49110afa9056
27,3604dd51-ee42-466b-bc52-79a2012eabb4
27,394a5bb5-9201-4d20-b2ba-88b5047de7ee
27,3f8660ae-d9f8-4d98-8f96-22e8bb5c460c
27,44e1ae3f-f07b-4608-8f14-7dfce4aed6ae
27,4bfd5dc3-61c3-4e65-a58f-826cb0a502e2
27,4df65492-0dee-4b7e-9342-dfe5d3798d52
27,52268066-f5d2-427e-a8a6-98aca1a1f15e
27,681c7bf8-37c5-4db4-9038-306ec9ba2710
27,75c70ca6-bc39-4650-b565-bbeaf727aa13
27,7e2dde96-a054-4b35-8bbd-86a98c597fec
27,8957229f-7251-4a23-9ab0-b0fcc209e1c4
27,9aef2631-c79a-405d-8a03-946f82976275
27,a4ac76fc-c31c-4137-83b1-27acd1b844bf
27,a586aa50-1eb8-4d7f-a413-0c6efa1701eb
27,b4d72d93-7c55-4520-9867-e70278836eac
27,bfd49e76-ac9c-4c6d-b700-a728b64213fc
27,c3699d68-f329-4848-97e9-3cf3a6b75900
27,c9fdd022-91dd-4eaf-9989-3b3c178d67da
27,d3e3a737-1da2-494b-bc00-45850d2713ea
27,db94e835-e0af-4ca9-b893-38c4edf548e1
27,e3f538f8-e3cb-4b52-a687-bd20745bc2c9
27,ebb84e79-c1c6-464b-b9ff-6a0ff16374b6
27,fc3e7109-c454-44cd-80ca-72d948d8064b
2,0155119a-b0d9-4f62-b517-33653e9b8639
2,02fb6095-115b-4418-bb34-8b76cc65059c
2,05e75cc8-ac9c-4f53-b7eb-6a15118ab9c4
2,05fcf788-873b-4345-851b-b538d63ca404
2,09ea9637-9321-4659-b38a-ce75e1ce4839
2,0cc6516f-5637-42d9-9563-410ef18e0db4
2,1a652782-764e-41d5-a20c-fae62803dd45
2,2384045a-f37d-45b5-be6b-57a34913b378
2,25769ce5-84ff-4bda-8a62-dbc4cc0c11ff
2,28b252a8-fbc6-4050-9315-3d100b510f69
2,2ac8cef5-90cf-4221-94df-99d3307b33da
2,2f102e4f-e62f-4bae-8cb9-d0e4025b65f5
2,304e0546-189f-4ecc-954d-209e2d5d7803
2,3067d7e6-f512-480d-9c44-47cb411f9f05
2,35429db3-ac5a-4806-a490-12ffd62bf148
2,3db23422-af28-4655-915d-622b9f27a49e
2,3f10a166-b7b7-4d75-be1a-3415f91ca6b3
2,4531e91c-72aa-41d7-a7e9-c542b9b53c8e
2,45b44351-686c-49ab-88b9-a2755c40b06e
2,482f8701-dcd3-41fd-a4a8-39ac943eb2a7
2,4bfd5dc3-61c3-4e65-a58f-826cb0a502e2
2,4e455d3c-602c-413d-949c-21dfbb4e668d
2,55fb2670-a20e-4119-85ef-b0f7be256512
2,5e808028-5317-402c-8348-2289b7d7942b
2,66d003e7-b8fc-428f-ae8f-e1df8338d72a
2,6e31df3b-1d6c-4e6d-939f-6c32b4019407
2,7312352a-ded6-4242-b73c-a2cea18c3a31
2,78a5d083-37aa-489f-95b1-e3c54ea7f3a8
2,82d369b2-c4eb-4b18-b12c-fb80c9a9997e
2,83f700bc-b8d0-42b7-aa70-80605ab49312
2,84a3c59c-34c1-4af4-b26d-d66f642cf708
2,8cffff35-4d29-4c5f-bdc1-9859b22d9196
2,8ddca173-577d-4ab5-8ae4-11c6fb2bb4ea
2,8f1c2ec2-28bf-4fc7-9d46-edf240bdc71d
2,90e8d67c-b298-4740-8a7f-4bd12b4d5e43
2,90ed254b-35c4-4e12-99a1-e93b28297574
2,935504d1-90cc-4768-b89b-23fffc71f33b
2,938fde53-7241-4ebd-9c22-616b3499163d
2,9bc5308f-e569-4b7c-b331-11cff5217e03
2,9ff03f17-a753-4fd6-9a16-0d193cfdc304
2,a569f1b9-ace8-4aac-8330-231a9f7dad33
2,ab2e7f3c-d0a6-46f6-bf55-ccdf8ed8e4d1
2,ad3d3151-bdfa-4ff5-8805-00554cae6785
2,b555a2e9-37e4-4802-9029-d29f28802caf
2,c787942d-0714-41ec-92ea-a2084fd1ff65
2,c80bd81d-2112-42fe-b04e-373b3a2172bf
2,cd5c744a-69df-468e-bfad-18c0b92975fb
2,cec3851a-e1be-4e2c-8b66-046d0ac95918
2,d0d2d550-afd6-4cb9-813b-a3c2822d5a85
2,d1e494bf-9119-4f58-8715-beaec5b51062
2,d307c97c-c5da-4b18-9708-261ff62ae77e
2,d357aacd-8fce-47d1-b579-d10869c15144
2,e3f538f8-e3cb-4b52-a687-bd20745bc2c9
2,e3f8e411-1e34-44d1-a9c5-c5a5e65656f9
2,e4c774f3-29f9-4418-b7a2-5bd4e1a07751
2,ed5f62c1-04ae-4220-b7f8-b54f61a114fe
2,edd39841-1515-40f6-8b46-c6aa5af983c6
2,eec36f70-3d5d-47a9-bdaf-e24391ee0705
2,eef0b4b0-0a41-49c8-aee7-6593e7ed0a31
2,efaae38c-3c52-401d-89ae-c992220224b7
2,f2e54198-4eba-4365-b388-8b4eb4784fc3
2,f3aa853d-2535-43e6-9624-4f3d86a72644
2,f487deb4-0af5-4a37-b001-74e083c34d8a
2,f56c9794-19e8-4412-98b6-2e6e9c2ad521
2,f5744f42-23d2-4bf3-8e5b-5ed6563d30ef
2,f614609c-45bc-4256-b70b-9f56d0c6e0c8
2,f6af0dff-25f1-45fc-ac29-1a7907c5559d
2,f8955e43-acbc-4658-bd7d-35620a69da3e
32,008ab799-43af-45cc-8d7b-728ae52519bc
32,02474516-acd6-4c35-91bd-358ba9ba3660
32,0318b6ca-c1bf-48e8-b04d-f8e3a9186009
32,15c7a596-649e-4137-b41e-1c55636e0ff3
32,1693b8b4-2ca7-4bce-a7ba-2586200b74a0
32,172b6389-a279-4bf2-91b3-4d83a12beaa4
32,1a432abd-c5b1-4579-bd12-627ee8dbaa84
32,1b360d35-1716-41a7-b47e-920ce6392fc3
32,1ce31e57-47a4-443a-b953-0578a09f2a9b
32,221cf129-d4ad-4bb9-a316-94db7ba0e4b9
32,25c66988-bc0d-4f60-82fe-be5586472e08
32,2b9fc94f-1665-47e0-98e6-b7caf8807d8f
32,2c82ca79-cf2b-4b33-8fb8-b9581369eaba
32,2cd51b1b-75af-4d2d-b045-ba63f9a2d09f
32,2df71894-f92a-45c4-9575-0716891d78bb
32,2f61b4c4-aa77-450f-8505-7c28e9189e13
32,307f59e9-5a26-46a8-b38f-2662b3ef2d4c
32,33c7a798-0c66-487c-adc5-f0538055229c
32,36d5227d-ec8f-4de9-a1dd-5a84c7562fd6
32,3ae33cdd-ac5a-45e0-91dd-2d4ba4c41657
32,3ba2faa6-fe33-46ba-80bf-74d8a02346b7
32,460a47ce-cb03-4a40-9ea7-72046518d396
32,462f8c6e-3007-4650-a199-b369b7808ff2
32,48882def-c45f-488a-bcbe-109a457f4aef
32,4b4a4983-5a39-4e19-a90d-0bdbeeef1f94
32,4ce7e8c6-8b5f-4ee4-810e-cb82d82d4df3
32,4dd51c84-435b-49d3-bd4c-08d349d66891
32,58e1cb80-f4a1-41b9-a697-bcc1a884a1a7
32,5a5593e7-2d93-43a5-bcb4-c21e50cac532
32,5ecbd442-f3ee-4559-b696-0cb5d29d6e84
32,60778e79-055c-4021-93fc-720dc39a7dd8
32,62ef23b8-48c6-4d1d-9862-d35cc54ca75b
32,66739665-fd63-45cd-9bbc-1aa53e844b7a
32,66c666d3-f222-4754-aae7-b81d3b6f97a0
32,671155d8-e911-4685-916d-4ce372b3fed2
32,714cc93f-d4de-4e8e-93aa-b725b7ebb48c
32,794df915-d769-4b7e-a39d-768a34bc758d
32,7da9c584-a753-41f6-926b-d87aa44c94cf
32,7de4e036-4cc2-4ef0-bab8-6dffaae2a87d
32,8520c0ef-be06-464b-9933-65c9f54a24e0
32,86c14341-59cc-404f-8e43-f05b811d6add
32,8a66e255-55a3-4575-9216-9e48b0f43040
32,909fdc9d-cb38-4043-bdc9-6bbb6731deae
32,920069fc-14d7-4a73-8144-078a580167a8
32,92434775-b421-46b2-bf63-3f764d84415c
32,934c9427-2c1c-4178-b5f8-97cee9812a95
32,993070d9-732b-4cd2-b33b-1d83b489ca8d
32,a1a08c29-cd49-49f9-93fe-d6c819c2c00f
32,a40d0e6b-5fec-4cba-9537-2c0cc0cf4f4a
32,a61fc4ca-bf55-446f-9894-35f9b062bfc4
32,ab124eeb-1c1a-4330-b590-14ca08b11009
32,af69209f-5cd1-439e-91dc-9cac4f7ce0e6
32,b4039b99-59fc-4c88-b6d9-6c03294dac17
32,b4a94c63-9eef-4ed5-a713-9030042bd2e6
32,b87574b6-e12d-46d4-9d69-8cf582ec7cfb
32,c2dd86d2-8616-49fc-bb94-511b1c5a7bf2
32,c5f36cac-9477-4df7-a0c1-34662f400b15
32,c7f243fc-33c7-46f1-9041-8e7c4cbe15b5
32,ca0f1a29-d820-49f8-ade9-f7153413edef
32,cabc6279-08ca-4def-91bb-314fc2a2d4be
32,cfc4cfc9-a74f-4ad6-9e75-d887c1a763cc
32,d5e2ec38-45e6-4012-9793-4f487812fc53
32,d902cd7f-6e60-49d7-bbfe-d5533a93161d
32,ddb81d7a-9190-434a-b453-782e0f4c7afe
32,df548f68-83b7-49ed-b47d-d91caead7fda
32,e34bc8b9-2830-4186-b51b-7854902bb324
32,e64397bc-2cf5-437a-a6e1-f8349d914507
32,e96449e6-9445-4d22-8140-35535a1fd12e
32,eac9cae0-b5c3-4d45-b3e0-bbc0c3ef7685
32,f0a6a06e-4157-41b9-be50-bddf490ea129
32,f63a05e5-0d42-473d-86e5-0ea79de23b04
32,fc2c25d8-38d5-4a8d-aa74-2fde74d5abea
32,fd77e66d-8bdb-4399-9ec3-2f4f121317a7
32,fe2f57f4-fb30-44a2-88b5-db99333e4aeb
4,008d9c2d-2826-4cbc-a90b-b23b0f5458dd
4,02c5e933-5dae-40c8-aaaf-db3d8a7958cd
4,04666c11-2758-4608-98a1-533a2ead8f4d
4,055e9041-c292-4ad9-9877-291903d1bee8
4,056ff171-63d6-4b2e-8136-d32e64e6e76f
4,0b704a9c-a68c-43f6-a32e-0b089d32bb61
4,0c597892-779a-4a1a-b35e-f2a874ef7f4c
4,0f80848d-972c-4096-8ee3-fba6ce420032
4,105a4269-fc70-48c1-b0e2-3758dc53c916
4,1130f988-3cdc-48d9-87a7-58c34a254d4d
4,18c6b349-c504-4387-b11d-96b02eac7b8f
4,1af77aad-52b1-44fc-bcca-6b93733479f1
4,1c914239-5b16-4923-a311-01821b0aa19f
4,1f133e38-b597-4cb1-bdd1-8abe11388523
4,264cf71f-08f3-4ce1-9393-13abb618c145
4,29f48ffd-429f-435e-91d1-e7142bc61c7b
4,2c46b82f-aeee-4a2d-85e3-a7979ccac7ab
4,3298bdb7-9b0f-4054-bb40-ff1852150737
4,35bee6de-1fb7-4e56-bed0-be98cccc5493
4,3b12c185-59a5-40ab-9348-8f597d3e0420
4,3d39c9b6-f480-43fb-a923-c409e6230fea
4,3e8d51cd-fb81-4a4b-8446-cd5869a9a761
4,3f3df736-e695-457a-85c4-a170b82a3986
4,3fdb03c3-d3e1-4b5a-80c7-99391048bb35
4,4b7ae908-9331-4f3c-9d8c-0536e83357f3
4,51bb0e8e-668c-4682-b21a-4ae0a692f018
4,5351a6f5-2d9a-4e91-8450-337ef8184d11
4,5448e25a-8d91-494f-a40b-d8c701df2c3f
4,59021318-10ca-4cfc-a667-ff123913950e
4,5b84fc65-9677-461a-8e8f-ca7016cc9bc3
4,5ea6c7d3-5e22-4833-a62c-aff147ad0081
4,5f0e100f-5882-46ce-854c-ed5138110842
4,5f9e4210-b060-4455-b294-e9e64db1d9e8
4,65d6b7f8-c5e4-4307-8cf1-365c57587d5c
4,67c9aeb5-ca1d-41cd-bb02-8aa4e74e023c
4,68f47bd5-4ae8-4ec9-96a0-3aedabfad88d
4,6a07a328-f8fe-4294-9928-3b0790d77b2a
4,6e987aea-9a21-4934-89de-0d106565c7eb
4,70c7f943-fbe9-471a-bcc6-8c486fc4446e
4,72d1ebfd-07e1-4119-b2df-b2b4a0617135
4,7868b8e0-93ba-458e-9884-a8931de062ee
4,7b1058bb-b075-41f4-b5fa-0c52eebb09e2
4,7c3fb096-ef1a-4be6-95cb-51f9a7d1f021
4,7d0bc5a4-4298-41b8-82a0-ca8f30ba15e4
4,82d1befd-421e-429a-8228-b80c80ce5a92
4,8604823a-85d0-4da9-8295-0a55fbfc0204
4,86459d8a-db7e-4a4b-ae3e-06668d89577e
4,890a89b5-bb85-49a2-8592-64a9e217045f
4,8e93ecd6-5f39-41be-9a05-b114788c2643
4,906b6d6c-2705-492f-85dd-9370bee24d12
4,990df856-3585-43be-8662-7771e1f7a66a
4,a3d67683-bbf4-4645-9d03-19fb291f4ac3
4,a9a35d9b-989e-4a02-b933-70ad24b9e712
4,adb0e276-e5d2-481f-917e-680204f327f8
4,b3d04616-eed7-47b8-a083-e9ed0aece308
4,b54c9054-1279-4639-84eb-a013a4e4dd81
4,b7a2ae20-9c76-4cd2-a4a8-c4376a87ae8b
4,b8b56b5a-095d-41c9-977e-68a1afddcb72
4,bad082b7-367a-4848-8173-781342b5ec1b
4,bc61e6f2-ceee-40ef-ba58-38a34ad7533c
4,bf010b7d-440f-47d6-b6ec-1af4e26ad561
4,c122c7c5-6315-4274-a76f-44cedc8b2a93
4,c1449541-173d-42b4-abff-ddf31ea021e7
4,c1aba4d8-d6e4-4136-a996-04650219033b
4,c28f247b-bff5-4104-88bf-6b19aa389b94
4,c38e69c8-5fd1-4634-81f7-fe7029b05a46
4,c459c975-28a6-4e16-848f-ed2b4bd6cd3b
4,c51e824f-3151-40de-93ff-ad4327a44308
4,c620d527-ace6-483d-8e5f-925a4dd5f174
4,c949b095-4de8-445d-9fc9-6eb59a3c8ad7
4,cc2a1dc3-fb30-48fe-9925-55c1437c4266
4,cf2406ab-cb11-417e-9551-8fd8ac736cf5
4,d0e32e6c-0985-4042-9556-7ff2d5dc7973
4,d45c97cf-8627-4fcf-8345-f0c77a3c00eb
4,d7c36a83-9047-476f-a8d5-0d15d3f1d32f
4,d8365cc5-d477-459d-82ce-55bf22bdae2a
4,d98bdbaa-b5fa-4e39-b3a7-e4d6269219f4
4,db5913e6-fe9a-4696-82f6-0cb7b80c78b0
4,e2e1bfbc-2351-45d8-b145-44d8466e86cb
4,e3b3d4c7-97f6-4310-858c-0bf9917fb2b9
4,e5356c0d-b8e2-40ff-9a69-43ff8729cec2
4,e79c6c71-ef7f-44fc-aab4-1eadadbc286b
4,e79ee8ae-595e-4e1b-ad3e-0970c0bdd0b5
4,eb031591-6973-4816-9e2a-e2f41498c1a2
4,ed8b677b-fe6f-48f9-9ff0-70c19bdb9a89
4,ee59d975-b8a5-45fc-bf37-e4f4e0597073
4,f01879f9-77bd-430a-b5d8-550f9bf52591
4,f052fbfa-22ed-4d99-ad67-72843696dee1
4,f1eabc0b-9748-4d57-8688-d152da643cc9
4,f3b818b0-acca-4e9d-9c17-1168544a3b47
4,f45b0b09-0d27-49fb-8e8a-61aa18824d54
4,ff0910a1-7095-44e8-b311-c07e5ba9d796
1,0113bb03-2a3a-4602-9394-d2fe911b624a
1,02fb6095-115b-4418-bb34-8b76cc65059c
1,09ea9637-9321-4659-b38a-ce75e1ce4839
1,0b1b5f08-0ae2-4974-9ee9-21ebc16e2ad9
1,107e038c-9baa-4a60-87a1-36bdbdfcb7c1
1,11306fa1-07a3-454d-80ee-4450f291b4b2
1,2ac8cef5-90cf-4221-94df-99d3307b33da
1,2c53accc-8c15-46cd-8cdc-99269ce6eb63
1,2d2cb210-c6eb-486c-80cf-b3391c96fa6c
1,2f102e4f-e62f-4bae-8cb9-d0e4025b65f5
1,330cd3a9-a5b4-4b1d-9ddd-c294442d130a
1,330e1951-617a-47b6-8d63-1e4ee4789bfd
1,3db23422-af28-4655-915d-622b9f27a49e
1,3f10a166-b7b7-4d75-be1a-3415f91ca6b3
1,452a9716-0c4b-4d5e-8d05-92a709b37f2f
1,482fd942-bf90-40a4-a539-e1111f204c71
1,4aa8af07-a717-41a6-8ed1-4878a9048ed2
1,4b4928ce-024d-48c6-94de-c1ff7c25ab22
1,4bfd5dc3-61c3-4e65-a58f-826cb0a502e2
1,4de7bc32-3042-4f4d-bee6-fa5055e5442c
1,4e455d3c-602c-413d-949c-21dfbb4e668d
1,572ff1a6-ac70-4249-a2be-408d5a02fe8d
1,59904e4d-4d05-4712-9615-4b9dce23745d
1,5e808028-5317-402c-8348-2289b7d7942b
1,64a87ae5-a532-41d2-ac1a-2ab94758fc45
1,7312352a-ded6-4242-b73c-a2cea18c3a31
1,84a3c59c-34c1-4af4-b26d-d66f642cf708
1,87a6f68b-1f78-4869-85de-632ad979d1a7
1,8ddca173-577d-4ab5-8ae4-11c6fb2bb4ea
1,8e73779a-2bbd-4954-bc67-7f01069bff37
1,8f1c2ec2-28bf-4fc7-9d46-edf240bdc71d
1,8f35886c-0aef-4d61-b8eb-aa44e56380ad
1,90e362c0-e92c-4866-9c94-8bf2cd27564e
1,90e8d67c-b298-4740-8a7f-4bd12b4d5e43
1,90ed254b-35c4-4e12-99a1-e93b28297574
1,935504d1-90cc-4768-b89b-23fffc71f33b
1,9667d329-2d11-4fa2-9df4-40b67f35cabf
1,97650d7d-5c8a-44a4-86fc-3b9aa26c6a36
1,ad3d3151-bdfa-4ff5-8805-00554cae6785
1,b6e846a3-ca44-4b1e-8a96-09cb0bed9819
1,b8bbf3c1-bbdb-4455-93c0-6f42ed689362
1,b908c3c7-c471-43b7-ba13-bcde5d74f1dd
1,bc34922c-ed6f-4782-bc4d-9d348facc829
1,c25fa775-1196-4a88-9055-ce047bd9e3d8
1,c4fb121d-23ad-4b02-8a85-813ad5d0dcb0
1,c64dd397-dadf-4b5f-b2ea-3043dcb0b784
1,c80bd81d-2112-42fe-b04e-373b3a2172bf
1,cec3851a-e1be-4e2c-8b66-046d0ac95918
1,dcaafa1e-773e-49f9-aba0-db4d79aa61f6
1,e3f538f8-e3cb-4b52-a687-bd20745bc2c9
1,e7866a9d-c484-4c18-9f1e-ca573ee8b4eb
1,e971787d-4b8c-4c8d-b4ef-890749d996ab
1,ed5f62c1-04ae-4220-b7f8-b54f61a114fe
1,f0f67f90-1bd4-4304-a68a-4ce9fb601813
1,f3145487-3793-43c9-8c14-9c9ff9c41dd0
9,058e62cd-0a39-4c61-9626-d00d31e4a647
9,067facd4-28a1-4d87-9400-fa290bfd11c8
9,096285c2-4e7c-46bd-8942-8382321b2144
9,0a6b5bca-b37f-4238-a86a-15b54da72848
9,0c4c98cb-b6c3-4344-a027-c77b8140d764
9,0fb9d540-6e0c-450e-bdd2-b51ae0b546d8
9,2176665b-2277-4ef4-a64d-9bc93fc0be0e
9,2294378d-cb35-4021-b04d-c8e7e7bd02c9
9,248e478b-6364-41a4-aeb3-53b582a4ec27
9,2883fbeb-a71e-4198-b4ce-3abad7ecf481
9,2a329980-3075-4fb6-b72a-8562916c111c
9,2eb9de7d-d1c5-47c3-9c18-aad86d3f4650
9,338b1e81-773e-4d2a-b7f5-c973ad3d850e
9,4663ddb9-4abd-4886-aeed-e7e04e33ef1e
9,469c77e0-7732-4db4-b6f2-32f32e39f8c5
9,4712a623-6e8e-496c-ad84-999a8f3f3bfa
9,49d0f920-1513-42ea-8f2f-cc87698094e1
9,4df42915-e1a2-41a8-ba99-ef72615deaff
9,518bb560-224b-4b8c-985d-38423e50b414
9,53a48a95-b700-4e3e-9760-4263bf3c679c
9,56786b9f-1c86-48a5-a4ad-3ca9390b7bb0
9,588c2271-86a7-4ed1-ab1f-286373b55de5
9,5a426eb9-896e-45f0-ae56-2d9b50f3c268
9,627c3b29-71d5-4ff3-bcf4-7f456294025b
9,6e290fd3-785f-4177-b211-8f5638bd86a4
9,717bf216-4781-4452-86b9-7950c5a5d637
9,78d37de7-7a92-4988-8747-82962a2957f8
9,79023008-cb0b-47a2-9b22-2b5e52a0d77f
9,7b4353da-fd95-481e-ba70-0219dbcedb15
9,7e554aba-9ba8-4330-b2a3-01add7090558
9,859b9617-2c2a-439b-97e5-f04eaf52435d
9,85d59a07-7cf4-4cf9-80e4-ca29798dbb97
9,86c76060-bd15-4c70-bcb1-dd7e2ebc0050
9,88777e24-751e-4383-8d0b-4d79fb9c79f5
9,8e1748fe-eeae-48ce-baf7-9208fa1984a4
9,8e604002-df1c-4c2c-b55f-cb7515f514d9
9,8f8270df-8c1d-4fe8-9833-3f440169d46a
9,91dd3d08-86fb-4d4d-af52-8208d2c80719
9,920b77a6-fe90-49ef-9e0f-ac3d76a2260c
9,93182343-121e-4606-ab51-3d6bd354dc3a
9,95a04508-ac79-4b56-9f1b-709440bfee20
9,96d834ea-f528-4b3b-bbd1-6c4dfb7ec868
9,9961af3f-6aa3-41af-b875-0d7b4fc1afcb
9,9d08b4a4-0cb6-4c31-bcb8-7cbec2ecdf7f
9,9e98253d-4db1-4adf-83aa-6a8d39877bbd
9,a10989ff-d520-44ff-a944-49ce64480404
9,a3119a6f-3e22-4eb2-b2ca-d52d699d005e
9,a7f9f24e-5fa7-49dc-a8bb-574a5bce68f2
9,a8eed012-1ad1-4eb0-bf02-1c65a2cd5a72
9,aa054181-76b6-4aaa-812a-51f416291543
9,b61e4a72-796e-442e-8757-0d54dd3b284e
9,b9cbbf6a-43d8-4be3-aa6c-da60d1161ba8
9,c14dbfb9-db85-4749-964e-a8e120733a8e
9,c19c89f9-2c25-4330-a634-6a69707b7819
9,c239bf16-1e99-4a3b-8cd0-9e2a6af96f09
9,c31e546f-3ce6-4a04-8d86-fbb31bfbfbb5
9,c45408e2-9f06-4037-b431-5a7de696d541
9,caa17e67-3082-4ebe-91dd-17be1cfa7ed1
9,cb5946b7-39a9-4d03-aa3a-9930a4c3d77e
9,ceb75319-75e3-421c-8d98-27ca48430e97
9,cee6d97c-be3f-4845-9a3d-397a9450a979
9,d2780b71-fb93-48c5-8256-32e202d7ee30
9,d54dcb14-56c1-4c04-a23f-caaab11ef0c7
9,d7389769-dc9c-49e7-bd5c-2fd4a262619a
9,d9d917c2-5938-46af-8c29-1e5dd4149952
9,da78aae3-fbbd-4bf8-85a5-368b1d7eacef
9,daee3dea-9939-4a41-a54c-8c48fd25f4b8
9,ddbc80fd-bac1-456b-afe8-bb4e34c931f0
9,df2ddfe6-3828-4d6f-ba20-569223d53468
9,df8bf79b-f12c-47f7-86ac-7fc6716ef712
9,e1b6b82e-9f12-42e7-a82f-8b7eb2f12002
9,e384c574-1d9b-41f7-8eb9-fed3ff67975a
9,e56ab623-b673-4625-974c-cd378c625924
9,e833204e-de63-45e8-97f0-82f2ac524860
9,e8aa077b-6c40-4109-8fb1-89b66ceca9a6
9,e9ce37c5-dd88-43ec-b439-6bf766899f46
9,ed7a35de-9a94-47eb-b43c-47d742a03386
9,ee4eb707-3da7-425e-aa75-5bd1259c904a
9,f02fc930-b10a-46d1-af24-97e60e1624db
9,f0e36213-8308-45b5-a8f9-9377b28e8987
9,f5b09e3d-db0c-4847-a7ca-93e53b6bdadf
9,f779d7cc-6d73-4fa0-874c-e3724e6b1afe
9,f8e21bfd-bd2d-4870-a882-b1fb2ff45bfc
38,012c1115-f395-4370-82bf-5f0dd2df7434
38,04e13cb4-c5f8-49ea-9e52-80efe3cea37e
38,0a49be40-baec-484c-8f8f-6fbc4b5c601a
38,0a5a60b0-73d1-48aa-8bc0-6e85b0e0f8bf
38,0a7be8f0-0b47-44b3-807d-6756439cb6f9
38,0eba7117-a28f-434b-b958-e770919234a7
38,1414d119-bc1a-42eb-b763-00df95839287
38,199ee59f-3a1c-468d-b4fe-44f6c312f88d
38,21897fc0-86f7-49b6-9e88-9a22c4d694b5
38,29379b53-fa92-4716-a9e2-fcf2d8ac8609
38,2a5114b9-826d-4549-bf42-39d0305464d0
38,2cd51b1b-75af-4d2d-b045-ba63f9a2d09f
38,2db700ee-b19a-4eae-8feb-f33a5c1aa93a
38,31339e3d-219f-44f1-ba80-cb0ec1f114ff
38,37c0c3d4-3a32-4180-84b5-ea26860fe203
38,42e7d5f7-c324-4678-9464-0bd9ee9ac168
38,461a96f8-ffda-4f1e-858e-f59f8c524c2f
38,4af051ee-befb-43ec-856e-35618ddbb412
38,51bb15fa-3145-4225-95dc-2293d5322716
38,6ac1d8b9-4e94-4c2e-b615-b59951ac01cd
38,6b9782bb-7a4d-4341-93b7-b8b2dc41c042
38,6fa8c4c8-01f3-4437-918a-bb7298ca320b
38,7a3d08eb-03c4-4669-a80f-9f8791649532
38,7c56c8d8-279e-4e35-9bd5-40f534bd27b2
38,7da8f706-b9d2-4f54-93c0-0d85ad814b2c
38,8030ca78-d63e-481f-b8a0-5de8f2d32f5b
38,8fc22ec9-bee4-4134-9d38-df1d4d41a516
38,8fc3be27-a03f-42da-89b7-2a8a3987a531
38,927af965-21f7-4ed7-9205-3b5d9db180bb
38,928e12ed-fd28-409f-9fe8-8f82c0963bf5
38,94888d55-c015-4c69-8d4e-1d1b843b0367
38,9c497973-17f4-4e71-9b6f-f4a681d1455b
38,9dec3e64-4d26-4946-b493-37902e6d3a52
38,a72e0254-627b-44fe-acf9-d72fd955f5a3
38,b576def3-e5c4-4d78-ade2-dff00da20bc0
38,c2976886-2f29-4377-8b9a-a1d650e9ac52
38,c9f23660-c329-4a21-abb5-8f0757aa0d78
38,cc83e326-b731-4013-ab75-08e83dab0e15
38,cdf72418-d019-4904-a410-9e70b920ca2e
38,d4bad99c-ca3b-4514-aac6-04e3e83ae517
38,d6bf0e30-338b-49f2-a004-ff3205a0f260
38,e9f45c48-8380-450d-9f0b-b43d1674c464
38,f54a77d1-4b99-4fff-b3e8-6bb5c91ba2b5
16,06484272-3f88-43bc-8f88-9941c1629f84
16,068a8399-7fc4-43ee-ae19-2c79f4b59746
16,076a3d36-1097-41e4-9762-8aa7b6fa2025
16,090920bc-1e12-425f-8787-ad6d1a84d839
16,0a58b495-f2eb-4051-b2b0-61280a5411f2
16,1188dfac-5105-4e39-8534-abb370a61279
16,15fbf9a8-6e8c-4492-960e-cc5b4ece1a2a
16,16373a74-002f-47a0-9a3c-54c28470ab9b
16,1713c6de-8aea-4ef9-afe7-de7d529bad0f
16,1b59014a-8cb4-4823-84c4-1eb85368ab51
16,1d5bed54-e281-4172-bb7b-cd2db39ae442
16,2d378918-23b2-4e17-884b-c85f8fc28c91
16,32157e5b-9e57-4e04-8b47-b3219f26375e
16,364e3006-ab62-4234-902e-2c0615c9ddd2
16,374b2ada-70a0-498e-8011-3b09a56b8dba
16,45b44351-686c-49ab-88b9-a2755c40b06e
16,4bbd9781-71a1-4977-a8d7-58405444e129
16,50390d88-9f86-4573-b14d-94be195940ee
16,5560ac5d-8866-4e6e-b714-6fa659d017f3
16,562ef6fe-db39-4efc-9f94-15d942a0d28d
16,609947bc-cc3a-490b-9743-27300bae4220
16,6b3c916f-e195-4d2d-bc4f-086498b5d583
16,6e17e446-4c01-4040-b8f6-5aef58431839
16,7e6243d9-d64e-4428-b919-ba98369d59cf
16,860f77e4-c049-462d-9db2-bcd50f39b22f
16,8879b6b5-4d39-4eba-81a9-aa4adda3e982
16,88a9290a-4e7f-456e-bc65-36bd7af1d787
16,891826b5-78bf-4fb9-9bdf-c19868086a6b
16,8a220be1-f949-496b-98a1-b3fa03fee69d
16,8feed2d3-d150-451b-bc0c-81bf4a1ec33a
16,90e2aa7b-4e47-4e93-846f-7226ebe5325d
16,93dad044-409d-4a8d-a78f-265b9b3e5957
16,95f58f5a-a922-4406-a9a4-f33b655e50d0
16,96970925-d73f-4935-9ee4-154532d924a4
16,98f31bb3-56f6-4535-bc3d-c4ee26931045
16,994b23ca-a2bc-4f8e-9d5f-e832c7cf8271
16,9c9b5ede-f3b8-4b9e-9df4-d35b5eb9c2a7
16,a106928a-9521-4065-ac03-8bfea108b5e3
16,abbe35e7-742b-4c6c-ac1d-5d8a2ae73762
16,af9a45a9-8109-4d14-9da4-87e9145b4d5b
16,b082fa06-1c1c-4c04-90b9-32c4f7fdcdef
16,b18afa92-af29-46fb-8493-52b8d25224ea
16,b53f4994-2b38-41c1-bcbb-87c80d43430e
16,b5bbe9f1-a849-434e-b569-98f9f0f8f7e5
16,b71e2b75-9b92-4022-9e34-7e0e8ea973ba
16,bb4ae765-3497-41cf-ac8a-950e4cdf53ce
16,becbfd7f-6f94-4ab7-94f2-da4cd6edea86
16,bf4d02dd-686e-4632-8f56-5a3060d9929d
16,c0d07d9d-b265-46e7-907c-9b7cc321a40f
16,c15d98cd-4ac8-4172-a64e-efc3624345aa
16,c46b50bd-420f-4927-aabc-85b0e60aae2d
16,cf0db588-a76e-487c-b5cb-2836311164b3
16,d15034e8-a77d-4e16-a4de-83472cf19958
16,d3e1dda1-ced9-4114-8461-8955145acbc1
16,de4a3e03-e9a3-4681-8efa-f7fbd6426491
16,df41f2d6-9ea9-4c00-b0bb-2d93fcdf346f
16,e29daae1-75ae-4940-8952-d6e26256b2df
16,e49ae7d1-316c-4f8f-90c4-00c061a20bb8
16,ea45064e-379f-42de-b84b-317ade083afe
16,ea5e9606-e62f-4921-a474-883fba468447
16,ec9f677d-fc4f-4014-bc1d-375da3647205
16,f4cf5289-c391-4407-8e8d-5829c20934f1
16,fb9c47ea-a783-437b-9378-ae13cfc62b97
16,fdb8ba10-c480-4864-9b53-6f30cde8ed51
24,093dd975-1329-4185-9825-9295c6c4a82b
24,16ccf08d-e7ae-48bd-bc62-79e99c0b0d38
24,1f3ad810-41c0-49f1-af3f-88c908ff42c1
24,243a7466-2080-49ed-8993-1d4a28213ac1
24,318ee762-9b5c-43d6-b10f-6ad12f8a4878
24,39e1e7ef-3a90-483a-aa37-0ef10fdd2f46
24,41276454-3119-47c1-b407-7be9d6cbc20f
24,522c485b-6907-483f-917a-e4a879beb467
24,543e8584-ebf2-4a2e-a422-772a9d278541
24,60230094-726d-4bd4-9214-ee4d097084bd
24,6f5ad026-1ae7-408e-9a57-80a9d2c0ccfa
24,7638d4a8-8423-40c6-ba62-ed715ec047e5
24,7709f77b-bfc7-4382-a325-c49bbad40ba7
24,7f56e0fb-41b2-4ca1-ace8-f099c89d19eb
24,813f9984-e0bf-46a3-98b3-0a7a2459b854
24,841e0035-80a7-4cf5-acfa-dad48263cc43
24,945ee0bb-1c2f-4617-8396-e14dcdb4206f
24,95e6b58e-1890-4837-88af-1c7e327f53dc
24,977f0062-d560-4c14-89cf-e1fd0c3133d5
24,97d95843-6266-4160-ad23-9f2cfdf663bf
24,ab8025f6-b157-490e-97d0-3b31898ed6f2
24,b1570cfd-c671-450e-bc90-8aa4e27a2e48
24,b5e1bed3-84c1-4da0-bf3d-1971a791a226
24,b7674dfe-479d-464e-a0f0-db4965af1d89
24,cfdd7902-7eb2-40ac-a6e0-de647139583d
24,de2d56f0-f633-4f89-86b6-80acf6c769fa
24,e4597655-0bbc-4782-ae6f-d4c998e2ebec
24,e45b0c39-caf6-4471-8216-4b734167dff8
24,f375832e-fe4b-46e0-8444-e07cf86d549e
24,fe5d0cbe-d35a-4b00-a993-6e95eab4ddcd
18,01683302-806a-4c52-8d35-eb6e989a1f3a
18,05579e32-cf7e-4100-9484-c45118878521
18,06611f64-9afa-4cd7-af31-cffa2b47d3e2
18,06cbccc8-84ca-43c0-b69f-a16d8933fa78
18,0866e315-d34d-4bbd-82db-bb3ea1bcf186
18,09e741ac-bc0c-421e-ae01-5bcd3514f4e5
18,15fcec36-00d1-48bd-af95-891c66f62975
18,1a0e65c8-2e1d-4b34-b456-ccca4db0219b
18,1aed5940-4eb5-4d74-8923-600d5950905e
18,1bbdf35c-cf94-414a-971a-830c5a03f1fd
18,1c105818-b18b-4a05-b894-f49e6e587d15
18,20b9c912-6af9-4d59-a3c0-070bc7bde80e
18,20e9f19c-42ec-4528-abd8-5a9a214af321
18,2450482f-e373-4340-934e-82179224f272
18,2466404f-c77f-401f-beb4-dc043f2b4539
18,24f956df-f09b-48b2-90e9-87bb73211605
18,25433069-d7c1-4dca-974d-54c1967d321d
18,2a7d3805-95e7-4de8-82dd-c84595331458
18,2bb2e898-9d45-4bb8-8511-0a92cf7d6212
18,2d0a4318-498e-4732-aebc-4bd75c01c867
18,2dec7d5e-ea5c-4ab2-b376-6a504c18ff02
18,2fcbf8ca-128d-4a73-8262-20b62c6c846c
18,30ea2f8e-eb3e-47be-85fd-f2dab0c8ab20
18,322a1218-06fd-408c-a258-f5241a1bae62
18,3b1a7c3c-f5ea-4d56-b03f-c1c414b89921
18,3bf1eca8-33c8-4619-af7e-fa8f976fc54d
18,3c5fb7d6-8a6e-4a02-b3c0-dbf98b546485
18,3c997317-5d14-4cc9-b3b1-a6e39513c099
18,3e7c7bab-cff6-4ad6-a7ac-f6fc79d8c240
18,3e96b5d7-4359-4a28-9336-872d06ad7a9e
18,4023a478-fa10-4d17-b7cd-fa62d3b21577
18,425b1bb9-7b2e-4ba0-a9c9-1fcaf7fcb7c6
18,45307fb8-68ee-4beb-97b2-fb3e1a812dfa
18,45a8813d-081c-4964-be7e-e7c73c13524e
18,485e2c34-cd29-4e99-93e3-d6ac0c4961a0
18,4c63a447-3691-4c18-acd0-eeae612f3e9e
18,4d56d87e-df94-4f5c-ac93-fa673e81fa5d
18,4e624c18-fb88-47cf-8c50-021c2c37accd
18,521dbcf4-57e7-4128-bef6-8e9f850c578c
18,53368b06-31b6-4637-974e-4cfbd33df6ed
18,54f7bc20-33de-46a4-94a9-d46a9064a767
18,58af7d4e-aefd-4fb9-b24f-cc90e1e79bcf
18,635ab50e-323a-4bfd-8373-475e92562d53
18,68dbb671-7091-4e3a-aae1-640e355629f3
18,6da52651-8517-41d1-ab28-56e964aa1e59
18,6f18e66d-ae21-4066-b954-8422e2f061a2
18,741a07cf-1f90-4be4-83b5-6b8a58546f48
18,7434354a-3323-4ae5-b0a5-745ed2730533
18,74fc308b-2e9c-4ba3-93c1-a4ecceed5515
18,7c178dc9-f544-499c-8c0c-aecc4091ec64
18,7f934f2c-92aa-4998-aaa3-cc9161e3fe9e
18,89da6ca3-b20d-43df-9662-f39bb16923b0
18,8a019f73-35aa-467a-95c0-4b3ebdb2bd2b
18,8d23a62c-8ac0-4c06-ab72-69bcf39f481f
18,8f42bc8e-5825-46ea-aa60-919f829ca16b
18,9038ab8b-7e71-4872-b88e-b5f05efcdac1
18,93182343-121e-4606-ab51-3d6bd354dc3a
18,958580b9-9a5f-484f-947a-68fea60a5d27
18,97ea5a82-f6fa-4aa6-8640-c466f4f8cffe
18,9837f618-fe82-49b6-9b1b-bd433994d13d
18,9a960c17-a3f9-46d7-8a62-a190c4889325
18,9d7b5b22-c1b8-4f44-8e83-147ba4ef688e
18,9e7d34bf-7d03-40a9-ab80-780c7d29cbeb
18,9f982ff5-2abc-44c0-8151-99674b8427cc
18,a373f7d4-2770-417a-866b-ad6ffa717222
18,a5ce9ec5-afc4-437d-bb30-995b0a53bca6
18,a6c6be4b-a389-4c0b-a1ef-226df3c017b6
18,a77889ce-5dda-41b6-bdaa-be473b39e50a
18,aaa77f5d-5f04-4028-acd4-bfccdbabaa82
18,ab0ac282-f428-4765-9cda-f7f2b81f8c2a
18,b4690394-3662-4c5c-ad16-5f696ea86082
18,b6069a1a-a11b-4ff2-ac6d-8f3e085215f9
18,bd8743be-0c0f-4cc3-9b56-c00f70ed9fd4
18,bf016d46-9330-4fb6-a106-26229d13316a
18,c4588ed1-ea92-4fde-a8e5-c00c1968792a
18,c5690309-c262-41c9-8eca-66d43061c92d
18,c7a5b261-e5d0-4bcd-948b-3ba423345eca
18,ca3c1bdf-39f3-48f0-9930-ca879b14379d
18,cc59025b-4b48-4c87-9263-607806831d36
18,d0ed4bcb-a687-4821-ba10-06c6692a58f4
18,d51946ac-aa46-4010-9e6f-ef87a7ba6059
18,d6e732e3-cdc6-443e-b32e-c27c1df541cb
18,d7d7148d-10f8-40ca-8bc2-6a93c305bc3e
18,d86ccaa7-9c74-49ab-84b5-661e172e8b35
18,d9f12c52-cd01-4bf9-9e91-fbc509cb93b1
18,df60f143-82f5-4d26-8e22-b4178ea896b7
18,e1c938b5-7107-49c2-8f54-44c8555d2e63
18,e5959bad-546a-40e0-8884-70fcf58198de
18,ea8e033c-ac4d-48c4-8c34-1071887ec54a
18,ee822d80-1d8a-4ac9-aaba-9f5829c2b187
18,ee9fd4af-7af4-431c-b71e-5d6ccc3b7d34
18,f347d649-c3fc-47f9-bd4a-8a854f731842
18,fab557ec-8e2d-4f07-b0af-4270fc862644
18,fed8b38d-0588-4a42-bc12-79f55f048e00
30,00f9666f-622f-4aca-9861-6cab59a5fd8b
30,019cb0b8-c38c-40e5-ac87-4ebafc8cdae4
30,041ef27a-3b9e-46a8-8cc3-cffe5393dd18
30,05fd9dc9-92f5-4e77-9ab0-9d37a58d25b6
30,0b0bdada-2299-4485-a680-a0926af7a772
30,118dca0c-5209-4399-a7da-05f1510acaaa
30,1325e2ce-be75-4c10-8ef0-6e3b5dcb17a9
30,18f7eab0-d8d2-49c4-a563-ae268002875d
30,1cf92a6f-350e-48fd-b880-e12e52a6cbdc
30,1fb983ce-a191-4477-88f1-01293bcef552
30,20ff312e-4f4a-48de-b578-d292591f4eb6
30,25cbf81b-03ce-4604-a1a5-9a199c4e8d10
30,275b3dac-7ff4-4619-a598-30c047c9e22b
30,27c21494-7de0-4eac-9659-73ac276fbbfb
30,27c9790d-f812-4728-924a-b764c85f67c5
30,30001c96-e2d1-478d-ada2-0dd715a18e06
30,365718a4-ced8-4294-9703-4a97bf61303d
30,37891df8-0f55-41f2-bc79-1e83459b9f7d
30,3c5abd49-420b-47f7-884e-f9ad37a081de
30,4268ae92-7c31-4b42-9a66-21b6355e7547
30,458fe6b0-ac97-4271-9249-b4c8dd8d65ee
30,4792ecfb-d336-4c76-9375-c8691bbb5ac5
30,4a1be5cd-da69-448d-a106-9e150969ad56
30,4c9f2ddd-6c88-4d11-832c-95495841eb25
30,4dfd1a02-0753-419a-a9f7-e3692471d68e
30,4e649bfd-eb88-4d94-afc0-990f919432eb
30,5142e98a-6eb0-4f7e-9e0f-1466059d5fe6
30,51b1ffdb-5b80-45b7-8b33-01fd701e3839
30,531c2543-47a1-41b1-876f-24ba2ea9227f
30,5372ba63-a3a3-4eac-8d7b-632eae697118
30,56b03028-18c1-495b-8fab-e6ca4f17c09c
30,5de71945-5832-40c5-8ca6-6733813fd714
30,6009de9b-5877-482c-b6a9-582fe364ad90
30,64934b99-d574-45f0-a2f0-bc4f6e98aab6
30,6729d887-4e32-47e9-9a04-32feac7d1135
30,68d40f15-22f9-40db-897d-1757b95ccfcc
30,6a82884c-fc4d-4b67-bdb9-93c247541410
30,6c849b65-c1f7-46f2-a289-2530d727151e
30,6db36dae-09e8-43f6-9a6e-9922a08ea5cb
30,71aa4616-a094-4299-add9-6003fa0f4e2d
30,731b2f50-1c38-4b7f-b44a-c37ad2b7ae60
30,734e8600-7b68-4985-ac50-2c97e0a2661d
30,76b43453-040b-4caf-b8f8-925778322a9e
30,7f1ca73b-09f8-4130-baff-a4ba06432e42
30,80770bbd-b93c-411f-9b83-869354b58052
30,80c9419d-8291-4a1a-8fcd-bb17ac036f46
30,865d6825-727e-411e-8068-991cffa97234
30,87620fe4-0bc9-4061-b648-035ee57d7302
30,8c3d8d7f-b67f-48bb-8a8a-fefea1eff4d3
30,8ef3fe8b-d7a5-48ea-9a03-f21ce6be5b87
30,922a69d4-9cd6-446d-9e90-297bf15faf61
30,93b3cbc3-793e-4bd8-9414-a37fda6b519f
30,9726e49f-938b-4799-a31f-689800c90818
30,981138d8-4950-4588-a3a5-bbc07a12ca7b
30,9a582586-f984-4839-a95c-cabf81b111b0
30,9b5864cd-dc0c-48a6-8199-b1fac5e2dadb
30,a088fba6-92a3-486d-a891-2717f54fee74
30,a3c7dbf3-1ea0-46bb-bc4b-c133489661df
30,a5b90480-ffd8-4c3a-add0-299ccdf8a8ad
30,a8b59f53-aa87-42c7-b2df-bc3cc003e180
30,ae06a885-7fd9-4050-9ec5-d8b800000af6
30,aeb5ce5a-773d-434a-9852-66afcf1ed8eb
30,b05f090f-6bab-49e8-b844-80410daf1d5a
30,b0aa9c6c-fc70-490c-be1d-38ef913447b6
30,b31bb4c8-28b5-432b-bb70-9beabf471936
30,b3e2211e-85ad-4895-b5e9-cb68c11c2168
30,b4a384be-c7ae-4c21-83f1-650073ac7faf
30,b6d996ff-3635-4a4e-9345-1ea626f1bfb4
30,bc5a711b-8cca-434c-b295-847a09c27a36
30,c00fa548-e6f0-421f-825a-e0caad294c34
30,c0b6d301-8a0c-4d85-a03c-b1110cc89e0e
30,c1798ec6-e91a-464a-beda-54f017d3288e
30,c4c2374a-f436-45e9-858d-2456313c0d4c
30,c5ce6f5c-8059-404e-bcc3-8e2e39b5d44a
30,c798d1f0-f25a-4ba2-9735-3a60b5621c7c
30,c8136192-ba3d-490f-89f6-772632699370
30,cbb54f7e-df3c-4503-88d7-9c4d35b12190
30,cff4de11-2bc4-4dbd-a3ed-c5d5f6590404
30,d4599162-f8e2-4d07-b98d-3438670b0280
30,d74df23a-2135-4901-be6f-be926a217d09
30,d93f2f44-4739-45ff-8709-53fc933d0d54
30,db198c4d-6495-4000-b327-0f6c0a3a85c7
30,de36218b-dc99-4cea-a1f9-3180e219a579
30,df757661-7051-44c2-8234-5b09ac081181
30,e6c37018-b970-4fad-976d-d34212897847
30,e6dcd1e2-5ef1-4976-85ef-e8c1f3ba4111
30,e73b0573-06ed-4db9-8742-575d1e06e503
30,eea2c090-a04f-4559-be05-0a2da19d4f9d
30,ef146e5f-b186-4eb0-9171-35186097758c
30,f0fcd401-63fa-40af-8492-e83eaf5182b2
30,f7899d62-d21e-4b59-82f4-49b443057881
30,f7dcaa74-525b-49e9-9156-521fb6206844
30,f844d4b1-0f1f-4bca-b174-440f04b31f33
30,f893d607-3c0c-4c9f-b1c5-1a5459a14348
30,f9a9a2a6-e13a-4c1a-b45d-7fca6e912c6b
30,fa36a49e-4e35-465c-9c8a-fc329632f675
30,fafb9fb4-8410-4e24-834f-cdf6b5867850
30,fb66723c-cde1-433e-9409-dba88f2ba716
11,03722312-34f7-46c2-b66a-7556f97f5c0e
11,03c5c9dd-288c-4502-abde-ba5b27dcb2a3
11,08bf0554-6635-416a-81ec-2f1b928c8093
11,090165ec-6ce2-46ec-acf3-20a95ab345a0
11,0a3df4fb-a7dc-4927-a0be-655decf37cc2
11,116b311b-f20e-4b94-b8cc-5c2aafc34c74
11,13333668-8d48-40f7-a996-905e258295a4
11,1537a77f-a6c3-4adc-9a25-a92b085cad76
11,1810ae7a-7d7a-4973-8b52-3fee2c95db03
11,1c4c37d0-65bb-42ed-9175-25a4050a31ca
11,1daece1e-bf51-4b68-88b9-313a72df17a4
11,21637f56-267e-4889-b026-7cc138427473
11,21ba726a-f105-4f40-b7e2-8c15b9aa1338
11,2b02a8c6-2fd6-44a3-bb33-48a7671e40d2
11,371433c0-f95d-4e03-ac76-098e4c2be5f8
11,383518be-597c-4a59-93b9-11fd6d7f3e34
11,406412e3-0d6b-48ef-83ce-db4c519af7b0
11,409e5573-c60d-4714-8dc5-a5c40ad89420
11,44cf5553-0c1f-4f7e-aa09-1d3aee49ab48
11,46ec8730-ce7c-43fc-b12b-5886a0d3d3dd
11,47d9e86f-2b32-4c37-bd02-4ae255e217a8
11,48043dd4-974b-49b2-88a6-632c8526b069
11,495fc3aa-2792-4bc2-93ba-69d7cc1d5c7e
11,4ad052d9-0bc3-401a-927b-f97ff748896f
11,557635c1-8b06-4f71-813a-0396ead43ab1
11,55c66ba0-979c-40b8-9b63-90426d9ddde7
11,567c7e2f-939e-4089-96e2-1172883fd303
11,5a5eb81d-1833-4504-8328-398277ad6e11
11,5aacb37a-ae02-4ee6-a024-d3826800146e
11,5bb7bf73-06fa-4af6-a189-49f6d5fd0d8e
11,5fe51fd0-92c4-4212-b3d3-1ce5acd2d50d
11,66c4d0da-3c2e-4568-adc8-13bd80252d54
11,6793f5bd-e90a-4fe0-b10a-fd8303159043
11,6b6f5a43-8168-4219-85d8-bcf468de25bf
11,70c662fc-c433-4bb3-819a-58a0471bb702
11,71fd8b09-9139-4287-b238-32eac43e43d9
11,731e4efd-3cfc-4ed7-bf99-e2d41d2a5ee2
11,7471be53-699a-437c-a742-2771ceec89e3
11,788ac740-6d67-4b14-be89-a9f77a4eb576
11,80e75776-e5eb-4bbf-8350-51c8aca8bf2d
11,8328e8e6-deee-4bad-8f66-83da870e8e1d
11,84a6c377-2908-4ba1-885f-3d830b43e55a
11,85730d42-518e-44cf-8c77-c392ec374d36
11,874da64d-1ccb-4097-be30-b12167b3bb8c
11,8ab4cbf3-e756-4d46-bc76-acaad14c3a0b
11,8b2bc905-4799-4f3c-9181-8f16d0d72802
11,8db8a06e-d47b-4c09-8ac8-8d0c570f0c7e
11,9042422b-6f55-44a9-a585-236fbcd290b0
11,90cd10f2-9e01-4f41-bf15-ea558ad64f02
11,917891fa-8a15-443e-ad59-58dc216e64aa
11,91ffc74a-7cc4-49b0-acd2-2fa6aaadec5c
11,968901af-87c1-4eab-8b49-163d622cdee4
11,9bbbbf9e-7718-4cab-afea-4ef4ac0f3dc7
11,9e34e7a0-db84-4786-b54c-a90795bd929b
11,9fc27ac9-f75c-4284-bdbc-6e717d779d37
11,9fe2afaa-bb79-43f7-b9d3-25c46e8f26ff
11,ab1bcf26-f9e4-4e49-bca6-562b3980d048
11,b16d926d-1a68-4f78-984c-11b3da853d8d
11,b6da2792-03b1-4ef6-9dc3-038322da0712
11,b73240b5-26e0-488f-be1e-c2ec2c3f0b6c
11,b939a8ab-5267-434f-8ea7-bd7f1dde3643
11,c36f850a-27bf-40c6-af59-062cdc8b1c0f
11,ce57723f-e7de-4c26-9f45-001369d92b7c
11,d0319007-1d1e-40a1-b3f6-253f38e86cf7
11,d2bb3f83-0751-4e09-879a-6803fa2366d3
11,d57f911c-86e0-4736-8f40-1759eb8bf3c8
11,dd274683-d77c-4999-a64f-797071be2f3c
11,e185a924-2a77-494c-8e81-4ef2e7f67f94
11,e3e1a59e-2463-4468-8bc6-115fe3ae760a
11,e6692317-5a27-4694-9fdd-5afbe3c48ea2
11,e9e503b0-c59d-4328-8cf2-8e6156b3f8ab
11,ea63db66-bfc2-45a1-aa93-ac0d50fccaa1
11,eac35133-a31f-43d4-99d6-8d190e9a802b
11,ecb1dccc-bd4c-49b3-ab59-a87875f20374
11,f08ee41c-e509-4d2d-b52c-7e4f5d134d85
11,f3613a94-4579-4a19-bfac-a6002ce3bbe8
11,f4d465b4-7fba-4829-afe5-378949018dc6
11,f5ab103e-9591-420b-9851-50668a141ffb
11,f628a9bf-5c01-4e28-af63-6776d2d747e7
11,f6e89630-ed24-4183-a927-a3592864bb73
11,f71fbe9a-fce7-410a-8eff-dd3c6ffacaf9
11,f7a61699-0415-4cfa-b659-95ee4dee296c
11,f7f5c440-5ffb-429a-bc25-99b6a58e2e29
11,f9103435-6dc8-4011-9a31-07557b7d68a5
11,fdb77a83-7336-4ab4-b899-6c37a5c6f864
11,fed98394-753c-4635-bd65-404a2773f94a
19,018d7ed9-20d9-475a-9b33-da365ca5d075
19,03b6136e-ef58-4b4c-9512-21b2f72e142c
19,06011f9c-e957-46d5-87bf-cd883262ab18
19,077fc250-ffef-4768-a5d8-5ff17b660ead
19,0d1c73dd-6d00-4071-823e-98fdef6d223c
19,11c008c1-b88c-4a3c-a06a-035b10c74395
19,137ec0d5-3a29-4e40-887f-4a959675b34a
19,1658d77e-e80b-4300-9d3f-f9bc86832d50
19,1828bbbb-d493-4b7f-8433-4b00fff88f2c
19,1bd2e9bb-0e38-4555-9c2e-ddb8481fb733
19,20d546fe-46e4-473b-baaf-a60133864eb2
19,26910460-517b-418f-af13-6327bf577afd
19,277a1fd5-4a56-4ec7-ab46-a4121d0b0b8f
19,27b0dda4-d42d-4486-be4e-24dff62d10c9
19,2f6b6d76-17c6-4739-81de-6ac58f2216ba
19,30ea2f8e-eb3e-47be-85fd-f2dab0c8ab20
19,330cd3a9-a5b4-4b1d-9ddd-c294442d130a
19,36a728b7-42f2-47fe-987f-5063e333428b
19,371311d7-dec7-448d-b6a8-a7f138ec72ab
19,3d220ccd-2f4e-4b0f-8d31-4871726b88ac
19,3d771d9a-17e3-47a3-b7ce-3e99f1e8cf17
19,3fa3f95a-9cdb-4a04-9a7b-2483bcd4f5e8
19,406cf114-0a17-4ff0-b6f0-fb9b7e1520a8
19,40eee753-7247-4362-bc55-91434a886457
19,424e69cf-057a-4301-83e8-7cd393584295
19,44811ca3-bbe9-4500-9dcf-7ba8e7b7b800
19,46f72a02-97c3-46e5-95d3-c2310659377d
19,4785fbce-0488-4542-87c0-1a627448975a
19,49986b86-3f50-465f-a0a0-d95655a79b48
19,4aa04a2b-899c-42e7-be65-ab18af631eb4
19,547ecf90-58f3-4d88-a30a-6ea724c08a62
19,555c6d97-cd3d-47ad-ad55-0d456d7a7bb6
19,5827aede-cee5-405b-842f-ff5cee2fa8cd
19,59008c3e-a3a6-4615-b390-8d1ae6ff1f84
19,5a223eb3-732a-478d-a87f-429e3d79cdb8
19,5a6f982b-3473-4fb2-b79e-6357f593c194
19,5a85bf40-0e55-4c38-8070-1a62dad384ca
19,5c55b09e-846f-4dca-bfdf-5bdbb0b06be2
19,72e42783-800f-47a8-8e97-82518b6c3123
19,7adbf0ca-e841-4446-a29b-2f67c55f3219
19,81c5ad15-60e6-4ff5-9171-becf7e54e572
19,85eddea6-219e-418d-a5dc-f05b47b1b45e
19,861270ce-0107-41c5-a3f2-512eb7ba1833
19,865f4464-f8b4-4a4b-915c-9bf7f6a09c54
19,870a0653-0d06-4efa-82b2-2dff8590f4b2
19,8717b129-daae-480e-9b9c-8fe7790fef84
19,8873395b-92c7-4086-af47-e14e879d1f13
19,88e65fc3-bcc3-4e49-b1eb-7ea10efe7fa2
19,8b1a27fb-983e-43b1-a519-d98df6f5d698
19,8bd37ba7-7882-433b-be8e-dc17ae3b072c
19,8c8fbada-1c0c-4e17-9779-f60b66b9af20
19,9016cb63-6f31-4569-b2f7-34b93cd36833
19,93982a1a-3d39-4bfd-b312-4e6714d0fef9
19,9667d329-2d11-4fa2-9df4-40b67f35cabf
19,970dbf77-9600-41bd-a168-bba159f696df
19,978c4310-b458-452a-a7ec-b2d7711e50cb
19,9a59497e-2a42-4b1f-b9c9-95410b120189
19,9b9c0bbf-0002-49e7-b155-079e81ec6ed0
19,9c0b7f43-2995-4870-831f-6eec075cc5de
19,9d37ad97-ae8c-4a93-bae2-6f7fe5b168d3
19,9e7449e8-bdc9-4d8a-8daa-57f03e25896e
19,a5624fe7-1c57-4d54-a9c7-73ea587ea73b
19,a79ad898-d8d2-436a-8e45-9e8dff0c5a2f
19,ac17d3db-1d13-4d1a-b996-7da61f89fce9
19,ae69f795-99d7-4491-b1ec-61fb15dd5a25
19,b004f1b1-496f-4e9c-bab6-fe8432f19b6d
19,b42530af-1ca4-4988-8282-252d63edd1bd
19,b8a94af4-484d-4704-87ce-07ab59fb6472
19,bafc743f-ddad-416c-b1b9-4465c5918d72
19,bc34922c-ed6f-4782-bc4d-9d348facc829
19,c2fc5298-3035-4e28-8ba1-e87c437bfc82
19,c3ee84d7-c48e-40e2-90ab-20e6ba2bd097
19,c65b2c3c-a16c-4094-bec9-c0d856ba5bba
19,c68c7b4d-e15d-4f05-bcdb-624d0d0239ef
19,c71df796-770a-481f-bb5e-24b682a0a04f
19,c813d8fe-6f2c-46c9-be2f-df45ba72624b
19,d2f5f498-ceb1-4ffe-b0f2-e8929b3dc861
19,d906e733-580c-4a8b-bda5-6e5d69f04d53
19,da1a3dad-9965-4be8-b702-c587ea7bfe19
19,dd46c7f3-2d62-4bdc-8536-7170118b696f
19,e9b0c0ac-b70c-458a-a904-e5ac485a5524
19,eb250925-f82d-4490-b5a9-fc8f64d5d531
19,f3fc2a01-4ace-408e-9452-f5402186e25e
19,f86a945c-5319-450c-9240-19e6a842a170
19,fb4e461a-16f9-48bc-b729-dbb7a161d23c
14,01a56a1e-7372-46c2-a5b9-0646a6b2e008
14,02236c48-4b09-4b60-a500-3bcd6a608eea
14,04b4575e-32ab-4a68-af62-03a27cd7be32
14,07f3520f-f437-44cf-94e5-06291a62d4ce
14,0953ae54-e2c1-4b51-89d6-176ac7ec7852
14,0ed09bba-c3b9-4b27-a531-dfd0b7475154
14,0f5b6fac-8cdf-46d5-b0a8-b7b5923b6bfe
14,10f0454c-5dee-41bb-966a-e2ec5e1261e1
14,146385e0-ab88-4a31-9780-905deaf2454b
14,149fa201-125a-40e2-83c5-bc05580002bd
14,14b64e5e-5f3e-4fdc-952d-26a0549b46da
14,19148049-8ffb-4c3a-b700-43907a3f337b
14,1ca3f797-b18a-41ac-8903-87acbc40fb1f
14,1ee4864d-26a5-43ee-b3e1-276b260e9990
14,1f1ef257-3259-4274-8ab1-70a2b6ac2987
14,20f6bbbd-65e1-4be3-8e5c-37fb00bb834d
14,2186a21f-74a5-46ae-98c9-4a4f82bafbdf
14,23805886-fba6-42a6-8fcd-db6b45219c90
14,256b506d-9741-41a9-a443-57b729da583d
14,2a60a588-9fd4-4379-80ec-ad8416449c16
14,2cee8825-127b-486a-bbf0-8caa49656e44
14,2dcfb188-5470-45ae-aa8a-e2347659a716
14,3022d032-b705-44ac-8141-2407a35d054b
14,328685cb-5cef-44bc-9a27-2df7476f310a
14,3750b8b5-af2e-411e-8387-98e54b47db81
14,3a8ba33d-fcae-4779-a537-31369e7c9e41
14,3b45448f-d594-48fb-bd6f-9b8ac7f54bdd
14,3fadd9a5-4074-43ed-a3f4-cbb2a8e2021c
14,3fe81f19-afb5-4d3c-a5e2-af15788de95b
14,4418d846-df8d-44b6-96ff-b9879232ea94
14,45567f6c-c0ff-4617-b6e5-b5f9af044935
14,48167073-7dc4-4544-bb10-8980f638fe26
14,4a2feaa3-61e7-45af-afae-7c17e17e44e2
14,4d03d7a1-9b84-457d-852b-3a4e8279fd7a
14,5166c44a-5a26-47ce-8092-54adbe871b51
14,52e5ade1-c6fa-4f3e-8fea-1f7b0956b7c7
14,53a74c63-5011-4d92-a9dd-116e2fc60e30
14,55aefd21-c0c4-4fbc-aecd-496c9c41c014
14,57ea71d3-01bc-4802-9cd3-bfd0265dd1b4
14,58460436-b313-45d0-8738-2c97b76fa6db
14,5e226eb3-c8b1-48c3-a9bf-b068dfa522a7
14,5fe18653-e933-43a9-8abb-74eae20d32b8
14,616a1ac1-4034-4d2d-8cc6-04afdf6c23e5
14,6309bed9-e70a-4073-acbb-a9cc1eab617e
14,642a4e7e-a7c0-4565-8119-ecdb29011537
14,65f31dc0-9568-440a-8fda-5cd1cd812073
14,6699f2f8-1aae-4694-9865-afa4ddc519d4
14,68a519c6-4c4d-42d8-af9f-441510a0f4a7
14,6bd7e1eb-83e7-4a6c-8c0b-e3a59be60857
14,6bf628e0-bb20-4b69-8b8d-cf57b8c8dd47
14,6da468b1-e5ad-4b11-a5ed-59f0fb8378ec
14,6dce5770-654e-4364-87bc-956996d506a3
14,6e929a14-6550-48a9-8012-7c6796c2100f
14,75196b36-2a61-457e-8670-b3102c85e214
14,7a24f400-f536-4158-b708-cabb2b507de1
14,7eb714d6-c69e-4bc6-bb55-3f370ba66381
14,82d8f572-8d63-469c-8ef3-b72661699788
14,8e0c28dc-7e16-46f4-9f2e-aedab4baf3c3
14,961d2c81-b3b9-4172-b8e7-846edad40670
14,97206303-b84f-4b1b-b776-beea897fb8e6
14,98d0e940-2288-4012-ab19-8fe144ba6ec5
14,98e04553-6dce-41ef-bff7-51ac13c338f4
14,9a3b4021-bc91-4942-9a38-d56d20b428c8
14,a0248308-8952-41ec-acfd-658e9f28c1ae
14,a271e8da-89a8-49bb-929f-7c15a937675c
14,a5841c8e-fc43-4c1c-b357-439070ae5141
14,a670384f-62be-4e5c-8b2e-3d1c6d28859b
14,a7005130-4d32-4231-b19d-4552e8c4f34f
14,b22256c0-4a57-41ea-a72d-3ac1bde4fb2d
14,b4ef9671-74e5-4a40-b481-66886243b54a
14,b9626e02-ad84-4b7c-b24c-63ecf18eb3f8
14,bb49619f-174c-40d4-97e9-2c66e79f31e5
14,bb7d9704-6e8c-4333-b28d-4bffd6c6d96e
14,be77ce78-4b69-41ea-a48b-1d29e044c19a
14,c113cd9f-2e8f-4cea-8cd3-e25939c9bb62
14,c1d1d116-3bcf-4077-8346-1cb85c90e4eb
14,c28e1215-9919-44b2-96ab-82659e29b630
14,c860103e-a7e4-4af3-95ce-c32ef859ee6f
14,c9a9057d-3ca8-4652-9820-257df4238c01
14,cda49b0c-940d-4dad-8fe6-6e28b5786372
14,ce2a03e9-a2ef-4668-b806-19d322675e5b
14,cebaa644-378b-46d4-ab0d-9834d7b10884
14,cfe81d07-b9df-43cd-96bd-1f9260573139
14,d0c37894-8275-4b1c-aee7-f8a6ba267704
14,d1b99761-8a80-4c11-b277-5559257dbb7c
14,d3e1dda1-ced9-4114-8461-8955145acbc1
14,d4d68759-1e5e-4b95-b914-c8c13eb08f78
14,d6170bec-60e6-41fc-8dd1-21cf9d70a4a8
14,d906e733-580c-4a8b-bda5-6e5d69f04d53
14,e695e508-8566-4e65-a43a-284e9de952b3
14,eabd7bfe-9f60-437d-8715-ab584efe1ed6
14,eb3696d0-c0b2-4b62-acb1-172ce2795c76
14,eb71e629-b6ee-4d97-9d73-a3a8de93602c
14,ebcec639-a5fd-4a8d-b6c9-63a9442d09d9
14,efff2822-1037-4e35-a4a7-75568fcca6ae
14,f3770cb1-04c4-444b-ab34-bf69950a7027
8,006f23d5-f934-4378-a84b-5acd77c6157d
8,0161565e-b50a-4d4d-8fe3-5d724955c8f8
8,021d46a4-0520-429b-a9d6-ea2f6282d2fb
8,045cac49-86d8-428f-a13e-0c5282f374c2
8,04aa9783-f47f-46c1-bf61-9c948c088bce
8,04eaaf94-79f1-43c7-a01b-139ac260497d
8,07c58b11-3a07-4b34-b421-6d076172d1f1
8,0dbf793f-aabd-4ff9-8ef7-e4cb3e78e4fa
8,0eff7494-03ef-480a-8ddc-ff809b1d3951
8,0f9fe400-45f3-4254-99d7-6d1e1937ea03
8,0fab1191-ff91-45eb-874f-17b2e58f9863
8,0ff17ec4-d223-40b5-aacf-4c2ca7fd37b6
8,100f7be4-1686-4711-b4ad-4bf63cbb0ac6
8,1141a063-4cf6-4cf1-85c7-067e207952ba
8,17e077a1-c85c-4576-943d-dcd1046ca3e0
8,193a53c9-1ddd-47c1-9c55-fd2fee165b9a
8,1a929fc0-853f-4b2f-81aa-fe1ddf470b6c
8,21114b75-a6c1-463c-8a76-532777e99796
8,22fea045-8e5d-4583-953d-b3eece691633
8,24098f44-bfc4-40b0-9879-f06bf3e0ecaf
8,2510a5b6-95d3-4c5f-b528-3fcee3b145c0
8,2cd75b54-7a60-427f-a146-8ac946971427
8,2f65d026-4a1d-477c-8e0a-eeee9a08cb75
8,33fd4fac-5a86-4342-86f8-197c51236a15
8,3b5d632c-9b4a-46e2-9e0e-dfd6c56fb002
8,3e05c3e4-9bd3-4550-8f0b-87405a267a84
8,40a2d5c5-863d-4486-838f-5ff419d9526e
8,446a56b2-ee51-466a-8238-63209b8dc90e
8,45fcbf8b-1631-48ab-8f80-16cf473ff8b5
8,47a6271c-4812-4e71-865c-bf9b57decc7d
8,48f5a36d-abb4-4c23-b2b7-fd66e5cf161a
8,4a08f877-0724-4d3f-821a-d8a72a4463bd
8,4aa8b18e-b1e9-43c4-a3af-6f606d2500d7
8,4dc5e274-c8a6-415e-a5b6-0e21676385ee
8,4f2ef092-b9d8-4e89-bdf9-8a34df7cbfaf
8,4f6a53e5-381e-477c-b197-8f48bced23f7
8,50912f15-0b5c-494b-bfc0-947c7eab6d1b
8,5167b894-c77e-487b-9100-2d812d827ba7
8,5c90f5ed-864a-4a55-b5bf-1011c035d98b
8,5da14ca6-157b-4ecc-bc32-6d7fd5bca7d0
8,5ead0a36-a4f8-4b3d-a6c3-ab8aab66f9f5
8,62e795bf-3317-4f92-9c98-33e5e32bbc8c
8,68078c51-7290-4aa3-b4f1-0dec2456aca2
8,6b5452bb-3bfc-4280-9f58-22c69660825c
8,6bc815b5-32cd-48d0-8555-a149a67072ce
8,6ffe0c58-2047-4c11-bed1-1c4c7dc7da8a
8,70735ae7-cbe8-40ce-b80d-8a210af9c1c0
8,70bfa457-bc59-4b63-b6da-a3f9afe017ee
8,7240bfbe-3b9f-4a7c-94bc-669b37e9107a
8,782aa056-4871-4b1d-a61d-9f45ce218bb6
8,7a6e2d5f-fe9b-4c73-ae34-5b22ec4cb863
8,7ab8ac03-2f80-42a7-a540-71efc3ee8042
8,7af02026-bbfd-4844-8247-f6eb7a7c7c0e
8,7bc686bf-55de-42e9-a9a0-8a19cd97ffaf
8,7ee89170-3a87-409d-874c-fd985cfb98a6
8,7f4d29c1-3f77-4222-ab96-ddb179e33512
8,85d46a11-13d2-40ed-929b-31263f8a7230
8,86855cbb-4d5e-4e88-ac3c-922ce4b80062
8,870cd969-dae7-4b96-8f55-4f8e58c8fa64
8,8a8b1e88-2729-4d08-83e6-c8418507f916
8,8ddf4647-d772-46e0-8037-d3ff1b2d1b76
8,96ecdecb-7362-47cf-8ae5-0b0281b63815
8,99d901c9-cd7d-4a38-a105-b1b2fe329634
8,9a57e8a0-bb43-4131-a1d3-f2c9163502cb
8,9d80a92a-24e7-4d72-a2d6-083054cbd6b7
8,9d80a94e-535c-4321-9b73-fba72afdbb6c
8,a1c9fbf5-e5e4-4b57-a865-5687c8465f3b
8,a66c221c-89b1-42f3-a49d-5781aef44b4f
8,a8cbaa74-fcc6-4a6d-adc6-ef23cc54ddce
8,aac5b489-c3b1-4d9d-9df1-2fe6aa560ab6
8,ab92d315-05bd-4469-9e3f-e4d81ea26513
8,b082fa06-1c1c-4c04-90b9-32c4f7fdcdef
8,b0bd42df-1628-406f-bbbe-0db7865c4d54
8,b1d01820-8ce3-4e0e-87fb-1188c5f1fa70
8,b48f7d7e-7685-4483-a55f-de8640fc1769
8,b5d0e36b-52e7-44ad-affa-71814e76349d
8,bbd15b30-2dd0-489c-a357-30a5ef30c344
8,c2cb9975-470c-4d9d-8403-0b4d5238a9cd
8,c8879319-0da5-497c-a0b9-7e8cdc1a8f8f
8,c8cb3c56-64d6-4d9e-a87b-f7a831be3b90
8,cc5c09c7-0216-4216-8090-b7b402c0782c
8,cf96421e-13f4-4af2-8b4a-993249c9f722
8,d3cae0c7-8b66-45e6-ba80-7516353e7a75
8,d43578f6-957a-4aa8-b915-7984739a2f5a
8,d48596ce-9b53-4eeb-9988-b87449b217f2
8,d6a96a49-2729-4631-ab17-527f47a8b227
8,d6dce1ad-ffe2-4134-8f2a-1f5dedfd709c
8,d768e9df-45ed-4163-b3b5-b84628064a69
8,d7c4a212-435b-402b-b800-ecfd34f14712
8,dea63354-6c00-4ac3-9c34-796263d6f780
8,dff43c64-9a83-48a2-9595-eeec384594db
8,e5b68d35-325d-4469-bab7-a2998f014431
8,e711230f-1b25-4928-9bc0-64d84100cfd3
8,e7bcdc0e-01bc-4d26-b2e5-458009d6c026
8,e8eaa2a1-0760-4f1a-b4bb-3c34754495cd
8,f3135172-dc85-40cf-b393-b2d4c3d4b69c
8,f8df9d8b-adbd-49d0-b078-7965263d2327
8,fda872de-4d4b-43c9-be90-a5f3c0f2dc50
21,00145c45-9207-4355-b121-a187f3eb7fa9
21,11b465ab-0d00-4422-b42e-1ff63bd148e5
21,12237d63-bc8b-424e-93f3-6e2328fae87e
21,15e3e945-93df-476a-822a-041adbb89a01
21,4299cb5a-373b-4402-ab29-428325741390
21,4572af21-b0a8-4983-8be8-85994320d888
21,4727f160-c376-4384-8a18-e3e533a266d5
21,49e50b8d-6c4a-47b3-9333-8e7627e80dbe
21,4b7336f7-db8b-4dbb-9136-8f08e19b2950
21,4d690ef2-bedc-4961-900d-27c8e31ef166
21,4e973ccd-cc42-4893-bb85-a04c0e6f6155
21,727c9729-a76f-4a83-9477-4dbd40bb02ad
21,75243c2c-5cca-43da-b091-6c06433401b4
21,78a7a046-6dcb-41f1-a270-84329986e356
21,81c1e851-57d5-43e6-bd14-513eb3b59749
21,82ab9d3a-9774-40e5-ab24-aa17003527f7
21,83f700bc-b8d0-42b7-aa70-80605ab49312
21,8edb47d4-a7b8-454c-8174-1f7ae68c5020
21,9085e0e1-e281-4661-bf5f-88da50a71ff2
21,90a99deb-e063-4f9f-993f-40d7e425170a
21,9ef73095-561d-46c4-aba7-9dd10d9f411c
21,b7dcf848-adc5-413c-ba6a-1a34344417c5
21,c2ddc1da-6af6-4520-bae5-bdc3d2c77dd4
21,cb5408a7-df06-47ae-afcf-0a12cede6b87
21,e2ebd640-58ca-42df-a7f4-2eea79feae65
21,f291fea3-8dda-4601-9aed-8c8dda8ecbf7
21,f7694da0-748c-41b3-b7e4-92ad8a2d2131
21,fe0a230b-f10d-4156-ba7b-dc597209e476
41,0d7d9688-e341-4236-9d79-55e8d02d10bd
41,10e2ab22-38b9-445d-8f45-56165fe807fa
41,10fa9528-a3c4-47b2-8189-894e27272b0c
41,126713e1-c5aa-4803-9c3c-e0008fa2f106
41,1364c4dd-eef1-4b5c-9e2b-f1fa4ef7bee5
41,1418844f-7917-4315-a3b9-8bb147b1f7b1
41,17a4747f-e907-4c22-943a-d252f1ade00f
41,18000aef-9e67-45a0-aa72-1ae2e98d21ec
41,18477e87-b523-42f3-908f-763a076bc5ad
41,197412d0-49e0-4fc8-9720-d657c14455a8
41,1a9069f0-cd6e-4929-aec9-139e6a3e58f5
41,1af3f8f4-123f-4192-b8ae-74054533fa93
41,1ef0a4ea-fafc-4129-b3dc-b50f4c8a4d91
41,3a79912d-9fd4-48a7-a40d-cbe6508dc9a8
41,44886fa2-ccf1-4745-96d4-586436a0e2aa
41,47d406d9-1508-40c4-a62e-d7cd1f7d6259
41,48a2c2c1-75d6-480f-9023-24fab24bd94d
41,48c45640-313d-4f7b-86d5-d6e0f57728be
41,4a2392fd-4916-4095-a6fe-12564136de85
41,4cf0fa96-3ef5-490c-93b7-5f2b986834e9
41,4d27d757-b499-4d84-9a52-9f49281e011f
41,53b496b9-18ee-4403-b6b2-866e45f7554b
41,53c5d6d6-e15a-4f60-be4a-5ddad1a94d85
41,54478586-ee16-47cc-a114-d6861f4d45ec
41,5a9dbd6f-cb79-4882-b337-edb78c6b16b8
41,5db4323e-57b9-49d4-b091-185cfba9df6f
41,5ee4e6fc-a750-493c-a7bf-765e764acc44
41,60d0c9e1-bad8-49d6-b844-84c69fdf89f4
41,64e7ae79-5c8b-4cfb-9e8f-abf8bf6b8234
41,65cd6514-46d3-41cf-88f5-9b07347eca51
41,66457ff8-e811-4584-9a1e-5988083d208e
41,66f06d00-7dee-4ccd-8258-4952601532c4
41,69483071-1bab-48c4-9be5-bef1e2f02fba
41,698b7b48-e62c-4c8e-9021-f7e0194c54ae
41,6b3bd76a-33a2-4cb7-8c28-3cb56e20be6f
41,6ced2ffc-2e24-4f82-9070-6bb39814439f
41,6d4270ed-9bb7-46d9-acb8-809a90ccbffe
41,6f1f707d-77c7-4a18-b52f-5c7d4b2531bf
41,70599fff-342a-4d45-b8ed-f2e51de879aa
41,7086e2b5-61c5-4f4b-9301-caf73767aa8f
41,70d93079-fcaf-4706-a82c-62520f0086ae
41,750decfd-d6f4-48f2-abd9-63ecdd49f96a
41,77e39c06-8d06-4d7e-b47d-16ea669b9e28
41,85c135cf-bd8d-4747-ace8-4595d759e020
41,8d381f0c-8aed-4802-bcbe-25a918239e6b
41,93529a1d-8ef2-4f07-a02d-ca0498552da1
41,96b771db-7bc3-460d-8537-67a4943638c6
41,96f97fa0-256a-4b81-aa52-0e78f29da618
41,9de7f759-ce40-4826-acb4-de09a400beed
41,9e3ace37-0eaa-4434-ab32-e142459b5fe4
41,a39007a3-22ea-4307-a291-98a5296f03ee
41,a4fd53f7-6ac9-4b09-8771-bb117ad8f617
41,a61a157b-8018-4a4f-a5cb-b7cddf0338a9
41,a7d98880-4206-4768-9349-c312acc3b3d5
41,a824c9c5-a6e3-45bd-b9df-29dc91ca4132
41,ab8025f6-b157-490e-97d0-3b31898ed6f2
41,ad472e96-875e-4c85-9efd-4c9b3f691c17
41,b323eb11-1d8d-4a80-9e73-cc8a8ebdb975
41,b65071c0-a734-400c-9e44-7a98c981ba18
41,b70d35a8-5c8e-4eb3-be64-fec6b5ae6e5a
41,bca031a8-e021-4af6-b529-f5b7f6510a2b
41,bcaac18b-9783-448d-8112-8642740aefe3
41,be6b5ecc-3241-4953-819b-50b74451a79d
41,bf115aff-cdf7-4fb3-bc39-05a9810acc47
41,c091bcef-3c76-42c3-b907-235cf51e8e50
41,c5803532-3033-4af8-a931-ac2f9636f9a2
41,ca426002-5045-4bc4-9fe5-e13ffe1f0363
41,cb3f1923-b841-4602-bfa3-ea395de68c77
41,cbcf9f6f-8916-4e38-b159-b086a2a904c7
41,d0258695-7c96-4449-887c-a6c9a9a85d18
41,d48af0c7-9c34-48d9-a54e-942f1ac76732
41,d50d3f60-ad65-4df9-999c-b5a4eb75b576
41,d79927e3-a709-47d6-a2b9-826d6fe3762d
41,da7cd529-0e53-4d6f-b1dc-88660af1b34c
41,ddd1ca2a-dd10-4d04-83d8-085fa89700aa
41,de5c0252-6f26-443a-ab48-4edacd9ea973
41,de92b81e-701a-48de-82f6-5ea8ed7cfa62
41,e160de80-d15b-4ebf-a4ea-b9fdecf57272
41,e89b646d-2bfd-42bb-b902-867767aca9de
41,ea2e2290-6d66-466b-8509-88839967226a
41,eceee0ef-2fb2-474d-a40c-a6390c4147b5
41,ed964d57-6f37-4696-9e76-0abcd631e27a
41,f63f45ff-d21f-4b1f-ac78-9e9765db0bc7
41,f7e01343-cb65-4793-bb92-dfe926a49825
41,f8b15dac-b32f-42a4-ae7d-3f181ff319c5
41,faecdac5-74c6-4585-98af-d7985f6f83e0
12,0347c520-4a83-41ae-a48a-d7017d62cb33
12,052e93cc-03dd-4f5a-b371-8f6b696e74cf
12,0573fb0a-a8b1-4bf7-9261-0bca2e7a5298
12,09375b02-15b0-4aca-be34-7382072b498d
45,00e434e5-b382-492c-9aae-dcf5835ba6b7
45,14235384-b790-4ece-9b76-0c97a666b3cd
45,1517f91d-67c9-4326-b684-a187d9c8b365
45,18354f9f-8e5b-4d3b-ab88-150b43a320fd
45,2a007009-5ffc-49d6-8d64-791d93d793a2
45,2ef4a52b-9177-42a6-9eb5-4657587fe2e1
45,49e48dae-4520-4ced-abe2-2fbb11ded0e8
45,569177e7-d40e-42bb-b657-e85e3d217415
45,5a93372f-e913-451b-b075-57d9f4be7a5f
45,5c747e2d-d1c5-43d8-990f-a790bde09704
45,5e0d9a42-0a92-4843-8f74-38ee8fb74d49
45,6bc1f5a1-2126-4ac3-ba65-3fd3c8665910
45,7656a207-ef77-44bf-936e-ec0fb01efcd6
45,7c95be2a-d9e9-49c5-88ab-5d2d7548ac0d
45,9722c867-698f-48bc-b80a-8d1194e78eda
45,afc90c77-022b-47f9-b875-e939e7092602
45,e0ee4d40-8261-4cc3-8c0a-76ca478df1fb
45,e4d4808c-2b26-4867-87d9-392ec20ede64
45,f80ad84e-5dc0-4a31-8d6b-02184c2785e9
45,fa6dba4b-1ceb-4bec-9e9d-ad374495d91d
44,22ea381f-f3bb-44d7-b6a1-856aa57220bb
44,311bafbe-2e75-4e90-8ae9-e6112241aff2
44,58bae335-1c08-4b21-ba0e-3cac68d8788b
44,93817556-c989-472a-9783-cb3e9da86e0b
44,ab6f1673-43f7-4ef4-a0d9-d4691059c764
44,c6f4ee1a-8ac2-49e7-b2a1-bbd9dee3acca
44,d4bfcca3-8b2e-48bd-a645-c4b20706d7a0
